,X_0,X_1,X_2,X_3,X_4,X_5,Y
0,0,6.209807326704755,2.5419007378956238,0.4687775698356135,9.851548039974492,0.4932677928226169,1002.2600644280236
1,1,9.427391184422508,7.473634861504925,0.7253282785093131,8.012153895015144,1.8513988194350655,1039.4471478605851
2,0,13.643492033713823,2.7527370567751763,0.5099676287403118,9.485686360376409,1.0154894498228688,1016.8971899539529
3,0,12.422287548168567,4.3153705688852275,1.4150998973071285,0.7559816979608351,0.5500212990077381,984.7447389800469
4,1,9.150651734194893,5.260839164831658,0.10367587015737187,0.2020921235697224,0.5922794155973742,1011.3281884333904
5,1,8.863357754753725,2.3580409648338954,0.09810942454119008,1.2642957466273446,-0.018361684224189823,1023.2017116009974
6,0,6.8746911395510715,6.452659673375694,0.8184565434794152,2.168323807531047,0.7878173462045593,1004.8629810282738
7,0,7.61424553397705,5.220737057093778,0.8095395506169074,10.776093982303461,-0.09359935637233874,996.5933924290138
8,1,8.558937334722616,2.7567370780491105,0.13808897429303008,9.134823121652781,1.126618060505446,1013.8899814885865
9,1,9.420128346087191,2.9905625596802943,0.5401298868963679,4.0082476059634295,0.24008763914072162,1009.1553623659801
10,0,6.791562221492461,5.042715149409313,0.9280838236512293,1.5750858039301447,1.618468214014902,1007.0388703614227
11,0,3.264628767581354,7.986789797470115,0.1697594391851535,9.386669439476815,2.011176931987903,1009.1297972258359
12,0,11.789856748464054,2.017190209267384,1.2010881858621778,4.944031578033298,2.67709536673335,1029.2693601571284
13,1,4.4774993683753035,2.4284147242869825,0.09756628233953916,1.5109192668185947,1.3103050186551237,997.4681828267593
14,0,14.158267752193801,3.812941873696653,1.2843946791065022,5.577590984717192,0.23452761558761426,1011.8153723673058
15,1,16.451587077280447,2.8953853928331386,1.1697061994496614,7.755825225774765,0.3994226832619092,1034.6752298662302
16,0,7.088928791637938,7.375323837973754,0.12515802671960718,0.855373455685422,1.4052461964589027,1002.7522089073508
17,1,10.224637482823335,5.719196428438228,0.6893261736179834,10.047907630422621,0.1575870981890236,1027.1438918509407
18,1,12.715809955865456,4.775004454127327,0.9491322997826501,10.113772379425155,0.8276202133590306,1006.4431936121696
19,1,15.947263728490356,3.540741344259207,4.617906683974196,6.230108127597571,0.026352524051103332,1057.8753637277243
20,0,8.992409848442339,2.8228209686406465,0.6271590326960199,8.316125831571213,0.24642461982969188,1023.1696341123454
21,1,13.404525032556517,4.741800009904428,0.19146715660963487,9.457737017974258,0.4801639694796763,1024.9548259079568
22,0,14.668965018445757,4.708871466144673,0.05047290441521099,11.773952771590544,0.11783362347227444,1015.283755153624
23,0,10.376179690566225,3.312628568696714,0.41534138358221895,7.552750015962362,0.29974334599269403,1012.2895537550512
24,0,7.301327269882883,2.4519030882564365,1.9193070493714197,4.275696237679589,1.4400394229722022,1002.5926613379108
25,0,14.130300015662431,6.789582290985507,0.12002691968019374,11.408080399703966,2.4835642148289128,997.3953697943243
26,0,11.862702304504362,6.5508549965135145,0.07277484652419029,1.830491206405946,1.813059473682003,1000.0546791098384
27,0,9.4860940578535,3.6033805256810556,1.957342570491895,0.8544498151215509,1.3563295020733988,1000.8552306666195
28,1,9.649786237532835,4.813609548243352,0.5726806582815154,9.417332432199075,0.5220166012631859,1014.3463623453649
29,1,9.297465184933849,5.489784633003914,0.11715797376715661,6.044118370237381,0.5348292750757291,1019.2653399739376
30,1,8.408825012539253,6.743121340043583,3.033154496120024,0.5702812542694526,1.2579225440157609,1015.5905583047901
31,1,15.198570737824403,4.012456789960183,7.127714575903557,11.652261437374719,0.8524447843739125,1101.4084604910158
32,0,15.899534590986299,6.9580151606794916,0.14471376266547908,8.490544235132509,1.5981070070728487,979.5021573579784
33,1,5.269921350555441,2.61883837639232,0.4450737964100609,3.78457484150464,-0.2324363323886276,1018.8481102276456
34,0,14.243754843274402,4.360083433609535,2.440280119483063,3.4202092638276373,0.493775328032941,1009.0206437629496
35,1,16.543184153524365,3.2976330865838057,2.0324559656758554,4.320475599425816,0.30407969328188844,1034.8818153205646
36,0,11.874127818456047,2.6354874635765038,0.1045434877166024,5.369893508499658,0.572496962349921,1014.1061157884585
37,0,10.341563058104843,4.893183174930951,1.0626013782532135,6.582550266714466,-0.4957867016967754,1007.2120341331553
38,1,11.742584997537978,2.684779682436429,0.44183058699357164,2.70975868674692,2.2831287998556746,1033.1682427222363
39,1,10.446985383032839,5.504350077005388,0.23795927166520672,9.38957640405233,0.751161660156622,1008.5027054569305
40,0,11.052689686671021,3.0803397596625395,0.8144934117333102,10.636488271684613,2.5081333742766088,1003.6465006587566
41,1,14.485931557427692,4.483782789232549,0.7500808602699666,6.221087822668248,1.3238055547939855,1000.9736981565252
42,1,13.255607796508299,5.348354368839928,3.9040351884557065,5.97722864921171,3.8992350058512475,1050.2733700761805
43,1,7.936358556348966,2.0921420176075207,1.2499391151641275,3.5647212136274504,1.4280779807657968,1007.8927775398744
44,0,8.320605029108847,4.371367796682667,0.8872950597905922,9.95100287146237,1.3375881222614667,1004.7607074420223
45,0,10.307571892409673,7.089741013517834,0.670338967591521,7.027013257793797,-0.372815522819707,998.527999121275
46,0,7.4687643473534475,2.7596611410478618,0.21293693559269436,1.9944398350557568,-1.1029562245162317,1002.1223393988548
47,1,7.262266619630621,4.806608109260726,2.647908745656541,11.9125242522417,2.496764094221078,1057.1826046536262
48,0,8.280237819983782,4.984650801296944,3.1713849566647796,4.0689811551068225,1.1980918798355715,1018.0780753476721
49,1,13.763867252066689,5.913069555460166,0.24431466901390217,5.209840112678246,1.9380372978329794,1024.2201413061907
50,1,15.122127758627045,4.975714415309037,2.6417053053331823,1.1470909595783243,1.9284254181202707,1032.6627748401886
51,1,7.096848891011302,2.7999115954168445,0.7816262452514177,10.792594874872162,0.8620099632248849,1011.7300462661924
52,1,12.889824689577125,4.903095736022042,2.7997622360805043,5.85901626821119,1.2858000806433356,1036.8149148650032
53,1,11.451956730059624,3.6035251026308295,1.7658597094737274,10.597241329410584,-0.8177028781302453,1026.5082940034617
54,1,7.3648201913591365,6.656654444513105,0.7059364071988253,2.7072615101763446,0.2939297460751189,1003.0726987462817
55,0,3.120598776956384,6.125219685741088,0.38015195135599184,7.955817548089156,1.9369122998957269,990.5686332845404
56,0,11.004203054926599,6.855870118994213,1.1136316065231386,1.5190721982102215,0.002919550833659579,995.4882115374876
57,0,9.671927897092898,6.737676671886205,0.4665454209645611,4.616073994217943,0.4937054471802155,995.4979018958102
58,1,7.252017961098257,6.384042849197506,0.04279066165127794,0.7138362279701438,1.6883394471623996,1000.8856884689734
59,1,9.169459219857373,3.575498082371944,1.7258396531296465,11.240238878487226,0.3215164133584485,1030.4565985526478
60,1,11.46823235608955,3.982673975995305,0.0598848052703778,7.987064276335888,1.389602168795432,1033.2454239821716
61,0,6.390412424399139,4.961465312097943,2.025432321684062,8.045632987237688,0.8486317399636399,1023.6632228150945
62,1,12.152914717788654,7.63822287713149,0.9636223892938889,5.070793021933178,-0.22883792031877914,1000.9208692801765
63,0,12.070947132335041,5.304585746538675,0.005605775854804491,9.141793612154029,2.1298246311891154,1002.0025458367463
64,0,11.346329987858988,6.21134906220326,0.2311670605754316,3.509820143126079,-0.4629479121396971,1006.9865947454521
65,1,11.302358681881081,4.828823484867783,1.2760621661957956,5.031466368074028,2.128017207952473,1030.3381768209274
66,1,11.709047842725743,3.52029542168108,1.5274980513128416,0.6166123066828915,3.081167797395088,1022.5521141638236
67,1,9.870260878004013,7.232202462967181,1.040572950516491,0.4360442017602133,0.9761710259203593,1023.4423846548934
68,1,10.862535793725693,7.83772137668798,0.42727226152792697,9.644553784782218,1.9340482620295085,1051.9366050296994
69,1,10.771874689990947,7.817155337846945,1.1257900641288114,2.5576892048882796,1.081859727259803,1024.218051783875
70,0,10.503308594344606,3.198269192820221,0.4590583022119238,8.771225970696293,1.291691957804431,1011.0065223802528
71,1,6.956525581658167,5.271233194224845,0.30299918256508446,7.741639721455243,0.17488146097569823,1011.7078257110927
72,1,9.817181573052999,5.086025108752458,0.40909826446756986,4.3959890987991965,0.6863788602569548,1012.8367965765808
73,0,12.299836409359688,5.1723341617256295,0.35864502169664586,2.4210278383028934,0.6463551041659106,1010.1706690791899
74,0,0.7404489616812349,5.808925278944152,0.533482027563356,5.54487656569254,1.513452495905952,998.4173181092714
75,0,6.234844867518561,5.994584732065778,0.7402007359856259,9.49032176128103,2.6303357413542505,1029.9626684855573
76,1,12.188643679161421,5.396706776817889,1.4453911436462819,5.200427183696776,1.5250556560217507,1022.2526057274392
77,0,14.295678133021337,5.063265235225927,0.2492425506300509,6.227492121027319,1.5169593695982417,987.8926846923071
78,0,10.210966471208446,6.599111195819655,3.9122070033969956,9.699375432753815,2.0247439832318035,1050.7168697490486
79,0,-0.6155969942257897,4.221100297024298,0.7016784121812152,5.387702702284617,1.986898796013147,1006.6737794077649
80,1,14.639381046686857,2.478902630494308,1.2083355159460767,5.078485329923801,-0.5688537393510167,1031.3560974407985
81,1,8.783481198334869,4.013094649204518,0.3727575498995826,4.38697562514418,1.693581384257787,1003.8548878906438
82,1,14.578380921715718,4.750622836368896,0.6684081633422515,3.19190732205803,0.6252290422556265,1017.5352625265871
83,1,9.637779913365566,5.342906126459533,0.46158194520214507,0.3081747254667584,1.4621564382110006,1028.2073584204331
84,0,8.054363168956128,3.4290099697710326,3.5040418697773643,5.440895120310904,0.956221169051158,1026.1917589772117
85,0,11.361314578759414,3.3792409738824194,0.28308570553374907,4.288281453102472,0.15401190331064862,998.4004765979994
86,1,1.06813086085514,2.9371986508726957,0.11930535262938703,0.8107265685493705,0.2425046709293882,1011.6497955456192
87,0,8.570119133808378,6.864762731263984,1.5304661282287044,9.867283216711396,-0.8772928589630098,1031.3401903703257
88,1,8.863954496776858,7.470421095194786,0.28448271758111665,2.228370254696113,1.6044835145541185,1026.6023413237544
89,0,10.046180297534855,4.478596165060494,0.5113241231000176,0.1770628026759229,1.2839502736035795,1004.8034082154095
90,1,7.693042117110421,5.62556563073611,0.9851105584522489,11.22756582732799,2.075381340427363,1045.4806076696664
91,1,9.200024124323908,6.193909730080896,0.9281294377002932,8.049806327415212,2.6242977198251314,1029.3959212775192
92,1,8.29596706827109,7.070288161111954,0.8949242044540108,10.880771672828953,1.9546691814171444,1025.860912998099
93,0,4.8975591149796145,3.7536467421228363,2.1690086543021208,0.07448244494494283,1.439045270639523,1014.806837533652
94,0,9.565280882882863,3.7040870881576082,0.999026546571919,4.445014423818006,0.5782428229992984,983.936039922622
95,1,14.291849848107548,7.4782082659589175,0.6629369662981398,9.128737605990164,1.5400098849138226,1039.9278023999127
96,1,13.521316476495727,7.832184400247789,0.7403328705189179,1.0751984748509344,2.7706047610658704,1042.4522334326416
97,1,10.779724534271054,3.3551868998247114,0.11763685846937143,7.999852602963964,2.342469559060812,1009.3063797475878
98,0,12.650526902630228,5.736321403267086,0.29971161303719457,6.518233063568362,1.2704063054871313,1015.1437208119626
99,1,10.044448746951689,3.3996800494874746,0.029397801169072302,3.0920788010044236,-0.10428393981198347,998.8882556170586
100,1,16.88872249628877,3.2051163177948685,0.3221662751657327,0.7296492579037901,3.2252951584934872,1011.7415123877423
101,1,11.892404596999942,5.460843263199761,1.0410428323185292,9.288622717268074,1.2229317210753115,1028.3227242183846
102,1,0.17516260364988234,4.835786151572967,0.09422968706246389,10.418020842092162,0.07245209738961067,994.7812986036206
103,0,11.864729082776215,2.9474340694543644,1.042357716833571,8.120108477866204,2.472301838451917,1012.3004339335855
104,1,9.73632589163366,7.055027101949179,4.670601690898332,3.8239439576693637,1.6767606519415164,1034.3491153949676
105,1,8.774925705319273,6.724678111884891,2.406345018892901,8.382604430795887,1.897269512590149,1049.912273568055
106,0,10.36261876115814,6.857672366534828,1.1946794672981154,5.089268949902143,1.7457894299278545,1009.4503620406206
107,1,12.961540566697915,7.995398276464157,1.0200071607801875,5.992787507993795,1.3507694782356947,1030.6189687459655
108,1,8.504074782650322,6.022801093179463,2.269572391587473,5.750364792158966,1.3987165500986152,1010.2122294911579
109,0,11.58453860652958,6.690511170353053,0.14692314023007635,7.010956305621452,2.3902658126731517,987.0654233397346
110,1,9.637341224578366,5.902033156626796,0.02488658196106471,4.88394345313046,1.9062117554412015,1033.8457345141078
111,0,-0.09183637666700761,7.6022181860039915,0.7232376923933612,8.975448236430164,-0.8981666856625705,1025.681142936765
112,0,19.938407043976454,2.018494302050986,0.35838951022145604,1.5773764835025155,2.1309537462978185,982.6952380449646
113,1,8.673773562663321,2.5487766946292236,0.2159717525893043,10.72843760742468,1.2849153629694474,1007.243265388771
114,0,13.59073548760007,2.9559888176976425,0.8791889144154638,11.724160556391432,3.0615350015727625,994.8801423745955
115,0,15.574868922790067,5.669520517701145,0.1518979429331052,6.895986102611016,0.5204598810024528,1005.5485121769111
116,1,8.000647966431993,3.201378821522914,2.081073896796792,5.469722217126025,0.8705729877883289,1023.1064629855746
117,1,13.862548158513356,3.115035232562246,2.450555129985742,8.91377890635416,0.22565638226037887,1038.5655714886964
118,0,10.70026423337793,2.445593982340066,0.2166352273346034,8.591169803076397,-0.1815673255462713,994.0089238384923
119,0,9.719114782088571,4.886977322655032,0.549020057929519,6.048054046707522,1.268581081768759,992.540112330906
120,0,5.58679496181971,3.9925135539888394,0.2068272687808378,11.127716507244463,2.4604415568546463,1005.9225519409382
121,1,7.582279402335346,6.236565863360756,3.0266014071630023,8.22808336895843,1.449978728170113,1034.9777865493793
122,1,8.430740228411729,5.660200631966688,0.5811724139454182,2.344655739893966,-0.8045069255105926,1027.1507412460364
123,0,10.95359504406537,5.517366066253622,0.3323552346652756,3.6453161477388103,1.2025560128273272,1011.9745917149789
124,0,7.600045359858591,3.8030201797452747,0.14532898384808013,8.094608921495045,0.4938462827699597,1005.3249364607226
125,1,11.634364215484254,5.8662478386614705,0.866907291582658,5.560712756084727,1.5054324061485609,1035.935498050923
126,1,6.42126928795399,2.9606912296564243,0.7994288365561237,1.1660350345634978,-0.927308124608728,1001.2248975882485
127,1,3.0611874373599637,3.791828038536564,0.09665747315947334,3.6941617215252562,1.2799875965897787,1000.2059857797334
128,1,13.383799136229927,5.315512124859941,3.7575142673218007,2.656124075279703,0.13853935991508226,1024.90228197345
129,1,11.537424681863277,6.676219636788672,0.05350787445704051,4.824600754786635,1.3092980612236658,1036.579197202875
130,0,13.432498956177167,4.765883139917472,0.3303119156672694,7.903934505827442,1.5706030090455223,1011.9671123333111
131,1,12.386489713571587,4.0006761083639475,2.2305426868659173,10.288094586603725,0.9419999635562272,1029.7674669617822
132,0,9.412432225961929,4.92858072934345,1.0083653813071245,4.585857683314008,0.4189517654695697,997.9508217665477
133,0,12.148061330787801,7.88724428301145,0.09339447022724293,7.354984538681473,1.9978667985580034,1001.6220205240417
134,1,14.77297216078677,2.4290917382993698,0.9330353032301056,6.34433469499643,2.804565670110344,1018.8042682184154
135,0,5.15550314799989,3.85460458409944,0.06700709103192101,10.872190860253003,1.4724866912093502,999.9559343169624
136,1,13.547348590373964,2.378996616551706,1.3099702338544499,3.944153729358042,1.595875912492529,1022.5210605345279
137,0,3.660775972786783,6.394792378807458,0.11223357375994582,0.21101841632909712,-0.22168918422844297,1006.391283425273
138,1,1.2462086966039756,6.5705248735171695,0.19697978544686182,0.024984649876619525,1.121917029892972,1032.9867113769524
139,1,11.383659147670743,4.16906829397648,0.42749470944537815,0.6755453890094345,1.2798398488993021,1010.239481130895
140,0,15.519288397346088,3.964165859360428,1.2062388890647584,0.8566565698346249,2.2310425842386903,999.8929185306943
141,0,13.281173523879787,6.376698136955064,0.9734534623257453,8.27165312421574,-0.4869477050432125,1031.6416376954498
142,0,12.959480962413014,7.502197002871358,0.00200095673033062,4.9589743223127964,0.051014241760382495,984.343581310249
143,1,10.134378659499806,7.768176830902209,1.5429544748379644,10.189928907399029,2.374064262817079,1053.2776606290806
144,0,12.813398969362531,5.9528194879571075,0.4051416123862801,3.006701652880663,2.7229538690836668,1004.4718302241503
145,0,13.428736295412286,5.525186428393177,0.3682008725547041,10.837330672973188,0.1544559197442189,1004.1583911166352
146,1,11.467593152260779,6.200858504139597,0.3979942478497738,5.382896393278637,0.7064978059255904,1012.7975367690199
147,1,3.3614278866301994,5.361273767784389,1.5264661466946245,6.325190095731701,2.319830302762294,1024.329108459247
148,1,10.485809343189086,3.5647162975683298,1.2312390518157514,3.79866827907843,1.277724227154907,1031.9749286103736
149,1,9.35063106915991,3.7278375983406757,1.260019385265159,9.78917895938082,3.1446500982288548,1028.3972852678446
150,1,17.84491190262244,7.030876771941268,0.34894941482596437,9.991402754169917,1.1332554870501559,1019.0813466091657
151,1,10.038041317787625,6.689213752153961,0.0618676070875439,3.122971215464281,2.0312363220791,1030.406144818162
152,1,9.10319395970128,4.634260936691506,1.3373596454359742,9.712449974315701,2.0954214214644065,1016.7476637086718
153,1,5.6431838030631765,4.210119467145508,0.6264927153960951,4.352427865602722,1.1984455398177583,1001.5914772659755
154,1,18.70623622326326,7.645544048245694,0.07497336997005846,8.88800677409144,-0.5005948276592034,1030.7465459976183
155,1,14.000306733294636,4.502456061302125,0.47359901070235266,10.566025302423606,0.9691278457527953,1012.3760292463081
156,0,11.640925305033088,2.0567155925582314,0.05867659174123194,10.291948985899083,-0.6807077345539894,992.4644166505013
157,1,10.22214458769497,5.711284413820561,0.05203980089934557,11.855832913439144,0.9458241352816469,1017.5501349034508
158,1,11.42380145207199,2.4679169353512305,0.8364350257135295,3.909738142428701,0.9869092524253803,1022.9907716154268
159,1,7.098934805413115,4.28472132856925,0.05530642391587116,7.5347818943546745,1.8778809954273195,1005.5612819509278
160,0,8.825628784963497,4.698195391141215,0.7034405475564415,5.41167457074128,-0.9567563393708578,992.5136582181161
161,0,10.451435207563382,2.1555699825972714,0.8586078559615431,7.843492976099553,-0.5262230439767273,1005.5954639755394
162,1,8.58814092599473,2.329644846197306,0.397515649422731,5.923568719400839,-0.44347877077188125,996.6050347138536
163,1,6.791276862361531,6.544006902878159,1.965221196014249,9.14480725995373,-0.44555864302831827,1026.9399633410462
164,0,12.328546558405458,7.185971826754166,0.35414978325443913,9.913330982283687,2.182515606726593,989.5307548341502
165,0,11.514387843695816,7.0057345814160445,0.8517812850216003,2.3400413757696152,-0.01872223617794666,1005.8489272264325
166,1,14.28338357123162,3.6242773336038265,0.08331286364381445,2.0829974894394936,0.7827310115083151,1027.87149502491
167,0,14.887964307796137,7.1770182496887305,0.6236369537110575,5.2370454462913365,0.9468296006070307,1009.3331083990173
168,1,0.23232695914747126,5.759465118029448,1.3697524456157033,4.274876688886657,1.0671911757868509,1010.5480027749154
169,0,9.588648336884539,7.633206270047189,0.0926929589303482,3.5390785758201178,1.6209835193179858,998.0886428804782
170,0,7.927530843846293,7.978193005662667,0.006296387422318877,10.072908706494518,0.9321891545037962,988.5578559880821
171,0,8.883850945605124,5.5339312041929825,0.2770771721790379,7.6506555677778705,-0.28561646787161177,1015.6555304033312
172,0,15.30204939069467,2.5929190973228704,0.17593380514203052,11.672993937493958,-0.6699878287668688,1019.1939788036669
173,0,11.280449558422548,6.7348968594736895,0.09694703977959905,5.181857327126085,-0.1143939181145075,1002.0356159025188
174,1,10.928996528196691,2.7800040264823216,0.7857601445801347,11.617446764174375,1.0789920068193823,1021.4086703229534
175,1,5.9619875593120275,2.3432367475819893,1.4863609572080647,4.3875433697283945,1.6354981150222456,1022.0353229788298
176,1,6.622934297854618,2.9506429696523178,2.4052751872687264,10.030631124936559,2.1028717235792236,1032.9789992270435
177,0,2.179117322361388,3.130804335450438,1.6078547171708228,5.7510769614634505,2.5704547879773427,998.4576792609026
178,1,11.915583595438864,2.494928055954829,0.1287108222428676,1.0925264262446714,2.2830289370558567,1028.668489965658
179,1,10.361940370570032,3.9829940231801055,0.21489610149019464,2.9128949069107626,0.628272130744354,1004.3847118617626
180,1,10.967988199637022,5.124005370712439,1.0720307273096592,11.749666125868417,0.2971369845399071,1041.12431112973
181,0,7.258606419142323,3.2859553274925224,1.4025049455203198,10.025184835714702,1.5205847489400526,1002.4592458248688
182,1,17.637735326246933,5.431798888975392,1.241287167273185,6.154681868487005,0.8043021866426681,1017.4916412086915
183,1,13.217756981675644,3.2121465401114597,3.8139879500090825,1.533617141086673,1.224495995891357,1014.0124998987332
184,0,6.310764743995238,3.2593245299935183,0.21414881842680064,0.42763351766198276,-1.4453197172841068,1000.2295581630544
185,0,13.572571445134024,6.535299409212368,1.1880584175266045,3.29153524538293,-1.4566295045346127,1011.213326579782
186,1,13.525192460378463,7.6320389905319175,4.359677786522846,4.151661625622497,1.1949994769846624,1032.4779768331748
187,1,17.367821998452524,5.248205796973143,2.297538951935417,0.8481867114549888,1.130705955113127,1039.2834160329903
188,1,16.39477636334353,6.4246853198102585,0.13175007442163952,5.256664204804192,-0.5439625073754182,1025.8264450671609
189,1,11.771351700117787,7.232137445907836,2.541297389945284,5.931269564436352,1.2060235096158807,1033.4067547475952
190,1,4.521233850288306,6.238397218020452,0.042471822710853396,11.59385414319742,1.6170208800235613,1000.6462665290832
191,1,6.455942392769714,3.6802768764484775,1.6272254298284656,5.174793508962763,0.9791935292445921,1021.6414985333811
192,0,8.132916500694899,5.687441801724742,2.251583661560314,3.0825002200264566,0.6200844255517111,1017.2549224070848
193,1,10.187324965102693,4.767224545537332,0.4081682645824379,7.095012823425157,1.6479560082827982,1005.622712557946
194,1,9.481299107144691,6.791501954261459,0.1592756248871155,7.290032989421075,0.7642673819002077,1024.4650704601836
195,0,7.289912429096731,4.557521246218615,1.903425093415334,9.233158018210013,1.1125967875731624,1019.8578557452498
196,0,12.335250870163055,7.498576613578871,0.13217708825124755,11.26416352300091,2.5139711585077036,998.941931786563
197,1,9.457207364105912,6.603867600307289,0.015991767819726638,11.656794240665608,1.7026118043664935,1018.9993939367201
198,1,13.947155736112903,2.2217670458854704,0.307370926793073,10.362191414318396,0.05190622531687661,1014.2815186649636
199,0,9.509080098471093,6.089956436197167,1.88816419400003,5.029774713314854,-1.167903725075064,1000.2264133906673
200,0,19.237853929969493,2.2389092565562114,0.7426248725244098,1.4135362178374393,1.4190197870387329,1000.443503766933
201,1,8.955681554134786,7.369913347711378,0.6197945303513608,0.0496618392011583,-0.5914453826207022,986.3250906270923
202,0,12.4605917374594,6.555202291762337,0.1347592416456699,3.695935897437151,1.732220390995858,991.4612952115705
203,1,6.86052033741589,5.052701002687719,1.7731677709338614,2.4609366848428875,1.3411825594432627,1028.0557385619416
204,1,7.304665698867927,7.022164694815665,1.1421063136905645,9.91445423251768,0.40621817923345915,1010.8573217590966
205,1,13.024772587395212,4.967652512119316,0.2096888542163003,9.62073032343816,0.31118868418269763,1030.0725233668013
206,1,10.925975277065726,7.1548161776356975,0.7210587749873465,8.694279949627198,2.7352108309884264,1024.1293282706374
207,0,12.829185602337537,3.6519623070125817,1.5295731091522835,8.851860233831568,1.3636064615315044,1002.3941667493773
208,0,11.292103680058922,2.1281646514145844,1.0631152761320835,11.296439310418952,0.5502460814550344,1029.121330736579
209,1,16.456844298939174,3.8434793131208034,0.44794640832468685,0.6538016141415111,1.5410297623990101,1031.249760111032
210,1,15.288578577650227,6.087624305957144,0.12521526500053223,0.1266368476356714,-1.280413846723238,1002.8927957609321
211,0,13.349292455977963,3.9155147976272344,1.0389541020699407,0.6761815605292991,1.4119552753294733,1003.9130398136341
212,1,7.6632323591275835,4.298387247712618,0.1169726051967665,6.128963208365299,1.1628609976143474,1018.3327899037198
213,1,15.784703300836888,6.873024210827534,0.3241324099848028,1.4110896926661254,0.5044133266744464,1019.5948640146296
214,1,13.289224967323225,5.212860006844603,2.0431735923246985,5.212355266241577,2.5199450699564174,1037.4877061268785
215,1,8.747839733856553,5.472645396280621,0.5562591495860773,3.986287607743924,1.1157541848954318,1031.8078350898268
216,1,8.312138019216853,7.4053911432180985,0.5912538798313612,11.175797473084526,1.288225102178793,1020.6234672807182
217,1,5.925807243439789,5.128981927784702,0.12458428300590818,10.34906821103267,1.382700848566872,1002.1544222683985
218,0,14.955028144907656,5.392331032307925,0.44035245388722705,1.7319972766849236,1.2628413998758337,980.7678869437258
219,1,11.005239688551292,2.811789367354712,0.42071549404508773,8.056852789481091,1.6929952453773693,1015.5155771304309
220,0,11.151489053351506,6.682937727905415,1.0181463234507862,4.865156564254713,1.8880031100224417,1006.908832059474
221,1,5.899531024461641,4.212096114963792,0.19064857496492318,7.006855075437388,0.13425921253909845,1011.852003563907
222,0,11.5662222978157,6.620676421575627,3.744933862966334,6.968343432278985,1.4354525693924407,1022.9133956764935
223,0,10.115871919863698,7.060802412794717,0.020110507135999527,11.41940463501926,1.8328989212686775,1004.0903730100752
224,1,8.783582640265845,5.322179991745874,0.8991844819858621,2.6345216811404573,0.712737687443356,1023.2443141280244
225,1,6.050914264429068,6.091827187491196,0.7063999474776503,0.4868754816029264,0.5743466298718733,1014.836792843214
226,0,14.416335820984216,3.742542755970718,2.6711657555759727,2.831431523546894,1.3021833071939228,1012.1944919858379
227,0,12.57263742132456,5.82454729420448,0.9035309410923664,8.319888452348883,0.8674429429863231,997.4875685961302
228,0,10.533124341192485,7.599244471798579,0.35411906252007364,1.4410207593237971,0.4774211007267979,1003.6192498520528
229,1,12.256719689896183,4.574223767920884,0.4199078712690186,9.881024786912867,1.3784661681732802,1030.4230002463719
230,1,11.2748540377527,5.910894649055588,0.15212645393048893,11.888614125823091,0.4273343285330733,1024.7884314856342
231,0,0.082300628930005,4.333040142576408,0.49937805859133566,3.0762609141718436,1.0891214266102054,1004.1381775229238
232,0,10.467437118681804,3.9601781626196026,0.6977676914461961,3.1737490967475517,0.18524812859211226,1005.3865825133066
233,0,7.600001675735367,4.9363613282786725,0.13335166736720586,4.692324384429171,-0.32770020315514925,1014.8185147874175
234,0,7.1513114150593715,6.795683312031088,1.1742700680182925,4.128871814073186,1.2525596675190525,1009.3297730888028
235,1,11.009245653004607,3.268011903785928,0.1936810711906048,10.752076356463332,1.3901760183181442,1024.6233622224488
236,1,15.555606225100973,2.8345006260809686,0.9675251215017282,5.0489710126095915,0.47592735706250655,1017.3613770637204
237,0,12.071368627940403,3.6484070805172193,1.470065632424868,7.859341567448061,0.09484145028789925,1026.2492588293514
238,1,9.87544737514503,4.922139673658686,0.24701627388137823,5.726627928039019,2.167148735215852,1015.8803312323465
239,1,14.292262277818455,5.7409334537571794,0.9925635589002771,0.5304957545917546,2.2175656351776656,1020.7193734624632
240,0,12.414713221852612,2.1879833775865247,0.5627620184336012,9.859567451426013,1.2775797842590464,1000.5574816764358
241,0,16.6562065340241,3.969894386717923,3.9353574898888746,10.321513154377797,0.9437946609930687,1028.0723142046677
242,1,3.788317564597227,7.0338992850557,0.09670816502709967,10.261515056826623,0.03500456406002639,1014.8881041684685
243,0,7.194119401960366,3.9614203477419707,1.5736413890434724,10.335319373480118,0.3185001129185605,1016.2479690258775
244,1,13.934319748501467,2.0733347997711427,0.07887742242459785,3.193856990033535,-1.5774397548614605,1005.2562194514529
245,0,18.238679503870664,7.061165714561871,5.609244052409181,7.958562479594238,0.2383575159128143,1043.4720400375902
246,0,9.040977272134333,6.263495883487355,0.6331913385879627,0.4100944465446439,0.05789353484440063,1018.21153705105
247,1,4.11650644296154,5.270407784068034,0.3901700764841774,1.9673700963599976,3.3745375172408787,1031.6877960175145
248,1,4.334612394935203,3.557756355694332,1.747664719235146,5.471593099442057,-0.20356473829723032,1022.744727187887
249,0,15.458163936027397,3.6104129601477606,0.49107855324656136,2.0214026538533023,0.5939113296990175,1008.2644623649271
250,0,0.6188662854439446,3.6136328535921582,0.5023971460385767,4.750264744912284,2.683756062050505,988.4565974486899
251,1,18.39382806774293,5.150622571481737,0.27771522795519726,6.249813668351338,1.7078021175386011,1021.529703007141
252,1,12.886809904333042,6.2366905807854005,0.011184717088009317,4.246895903420409,1.285040919588712,1013.0799978484282
253,0,6.606154899488766,4.429849192078233,0.021833691037196467,7.975037195621418,1.9208063421992079,990.4399004302912
254,0,10.590691368369134,7.684312964537057,0.1416391713961781,10.89289661211874,2.5008634166107604,1015.6467505079954
255,0,7.417113126390225,4.104707677300923,0.030570435903316224,2.209150238383088,2.319169986489321,998.1824417747638
256,0,9.011737058398603,6.052039205722141,3.474483250364114,10.651395659948538,-0.613560641668276,1044.631521753434
257,1,15.491481489057646,5.559410440956981,0.1863636307823067,1.1942737031547357,2.0688083610433026,1023.6524927641397
258,0,11.867247733758843,4.192425599521968,0.3225467189382603,0.5396025795680983,3.038267032596559,1012.2736231851962
259,0,11.21389698049707,6.927010370385993,0.08576332206924711,4.708617025957796,0.9665318128237259,1004.1334983278686
260,1,5.97983226499739,4.816676736461018,1.5722452986543305,10.139009126267998,0.0063292013983321516,1018.5451267865559
261,1,6.8143709395626555,7.720167669390495,1.0520045308565649,5.244813767118142,-0.33476466165890284,1023.5538084059303
262,0,14.6071446071652,3.0402331051074203,0.08744389621616537,9.866959520301663,0.5401439868518223,1006.5052418124554
263,1,8.89922256812027,7.961535680801495,0.11920557910185108,3.9323494522813425,1.1930868589356067,1021.0097102873015
264,0,12.886017520723211,6.029596919848064,3.412340521930814,0.7354587734420774,0.3121393776974948,998.5445839311056
265,0,7.554350573596871,2.3692218598078325,0.6572637229128448,3.2375181551306,0.05975459147903739,1011.3995402385048
266,1,8.717893729526988,2.2716279721879644,1.3242556996841943,4.452953862301004,1.7821741110770604,1009.128212528985
267,0,9.417579133295307,7.216415973086182,3.0068919084041275,1.5721005744874317,1.879516153517018,1007.4285950241682
268,0,10.25904900359781,6.184425245667552,0.11740850364833717,3.868712515790983,-0.03000959869486075,1003.5313847314679
269,0,9.692154699610377,5.202291092210539,1.0714468683856153,11.166547651300348,1.6603683230445911,1020.7692199043655
270,1,11.5101645243262,4.186172970996548,1.600522797211436,4.341528829250905,1.221254708072777,1022.040578958667
271,1,15.94188880509742,5.998928352692294,0.17327341192796236,7.495870962442082,0.3924383129528094,1010.5819458602413
272,0,10.737141292923404,3.365241080513498,0.8930426351861536,4.86024125292152,0.6942985959960074,997.7248570182027
273,0,8.88745326571206,4.953233085475847,0.3575751160416847,2.2778744625551015,1.7159401516000024,1003.8791763973171
274,1,8.366211641478257,3.713414779302753,0.0734965061803912,5.592386083875152,1.1989525181176328,1025.0246495057859
275,0,18.432993833570073,7.08911862877936,1.5786965130041906,9.364691958232614,2.136815908471477,1004.5187354447578
276,1,11.051728234478198,2.4770321406440523,2.9256147480831336,0.5706609588924443,-1.0941871851824256,1022.593921500643
277,1,3.721020225804435,2.2426405610057847,0.07740815197765918,4.546151310263655,0.03400854930333885,1016.4294944031858
278,0,13.32923835649525,2.7367436736975352,1.8106284470020813,4.896228732589521,1.960127605915925,1006.2137613939473
279,0,5.94682483632894,5.337385347641946,0.7625720644708928,3.220808891542687,-2.0433712538122064,999.4293746746973
280,0,13.854720631714573,7.795620120709432,0.009981458346744663,1.9106931270667942,2.681970156797475,999.3456730947433
281,1,7.322277111357868,2.5549265359062208,0.00232723953862771,7.858758817287739,0.36536953078856593,1020.635993738337
282,0,13.216806039808938,6.820007618251655,0.734824272083943,3.42949468747336,0.6307679124053962,994.9275031633356
283,0,11.0948311353259,6.037473159238533,0.09995306086813387,3.749282736586542,-0.052190662113416275,1009.1120818601645
284,0,10.590952428027183,5.642577097372034,0.39373250013151756,0.7781280496602414,0.3350814627847699,997.4928113702304
285,1,2.956104829157333,6.913452043747764,0.852500054499431,10.416676760815633,1.401404092138689,1017.7621101604644
286,1,11.226112273540823,4.6393289649141245,1.0609758993817302,4.123641405340129,0.5050583250161267,1028.2583701618898
287,0,10.945185951240248,3.008132440493392,0.32833954337157395,9.674843476183481,0.0962557400660966,1008.5558450719695
288,1,7.90185358117057,7.0150742628129485,1.5825360699590822,5.846135071542257,-0.2384265929764091,1013.8611170654815
289,1,5.788426107198483,4.711083555252203,0.5939742800205888,0.46418694384399917,0.4039879037994756,997.9963511081561
290,0,11.276616012910369,2.9217365541970097,4.1573455721005415,7.153580441666135,2.301775968997471,1039.241997766666
291,0,1.7742899090719089,2.0585926193627877,0.15588037702649585,4.297025966559126,-0.2511406941209724,1003.5882589164905
292,0,2.741681311151167,7.760962531942207,0.9787443888529378,7.196870225570813,1.196906846928337,1006.1511464498054
293,0,8.433286722751122,5.090360160356047,0.3064065967840197,7.918985083190616,0.43601948902475596,1011.2797349448942
294,0,16.165207072485565,4.416343707821733,1.0815376715129095,1.352088867133046,1.210578337224244,1002.4624454465699
295,1,16.289332310105795,2.475258107732217,0.3939194272394908,8.932597482180066,1.124996228142763,1023.4581475126741
296,0,8.172540326473415,7.417658177263409,4.387667882037207,0.046278810002235105,-0.16415312646857738,996.4901195706948
297,0,7.18958194655932,4.540014511253499,1.2930105441449746,9.204478125573779,2.2106392767572522,1006.179705092812
298,0,4.886027662120527,6.196093208557519,0.16907723551521708,2.168390893286415,1.5575326283268756,1004.216190214204
299,0,9.90013180998506,5.451871889041696,0.13272753935038487,3.174541500085479,-0.3291603949924682,984.7466835993126
300,1,12.544009782796007,3.989080893786967,2.80270789822161,7.712584854463712,1.4591333637288995,1043.3610291522045
301,0,9.85526892582661,7.289657804223658,1.1375411807381763,6.743784352033426,2.725563799687251,1018.9081393266271
302,1,7.486016650858728,2.5379219783453357,0.08110663649085974,1.4870029808089265,2.0404019087900416,1007.0539777331035
303,1,12.930698389179142,3.5535179534680696,0.6038430248532267,8.332330405039412,0.20798496242409337,1019.1096002554085
304,1,13.10845877230517,5.06881178558252,0.14771934960525987,9.220818814041166,-0.8599007196017554,1000.3944182923407
305,0,13.758636890290212,7.389580118414214,0.4285806892059895,5.754303120913639,0.6766332063348899,1009.7582851422536
306,0,5.418140174544019,7.510524379013621,1.845236152546312,0.1257639515835769,1.4427326287402584,998.4521515167071
307,1,12.906876339112383,7.906323653251251,1.1451894254198627,2.678174765466691,0.4029048782353962,1030.0197597550077
308,1,12.2414863287808,2.2370651704014834,0.9794233498245112,1.7167316490360527,0.06935415893825903,995.305642421797
309,1,4.906934803192731,2.627070422400072,0.0882286324645677,6.468032849645334,0.6270009209976259,1000.3138327648516
310,1,11.541155591598876,3.530662559897875,0.9192428573257755,3.58859916926098,0.34663674416876167,1035.323995555401
311,1,10.968710133429266,3.9249104542107185,0.1357582394483161,11.245842252476486,-0.18855031370719932,1023.4346646510145
312,0,7.981945168585227,7.134000097625038,1.863047919492917,1.8615893411952467,1.1332439026405334,1008.5537836528212
313,1,12.943311306004832,5.922214869522655,5.978357884701836,4.815607597845785,2.300584061660511,1043.0141684767834
314,0,12.824392137886905,4.073736007011557,2.4178681226606074,9.265882695095385,-0.5553368962581611,1010.8680755386019
315,0,19.693040176775117,7.950349989254296,0.20907857012441083,7.435452559400236,-0.31364082467288235,1020.1123359107772
316,0,10.665523983156776,7.999239187016057,0.1624138527528041,3.6243297897390887,0.5003619525079583,995.5701822096322
317,0,10.999581274200526,6.169474769295319,0.5409012842537175,6.868232335736588,0.6591794843637373,993.8562538466699
318,1,13.569194531522019,6.065992714758337,1.5987880086696047,0.7359584164738844,1.2474376539605325,1018.6344269041748
319,1,6.750210722160695,3.8098455959508195,0.06944374853586979,2.2158991737164775,1.3637715385373863,1012.1207929804684
320,0,5.8004592391859475,2.0367719638110056,0.30901584853997566,8.877222657253935,1.1286891833842192,1008.811365231549
321,1,11.622770717422187,5.014546975118449,1.4896564413809597,9.686847040129802,1.2163049291113865,1037.0378100424446
322,0,15.878604567265523,7.416312429510433,0.058304981850604176,11.220481191627893,0.37893625615124027,1007.7530985050535
323,1,9.969992469606714,5.502989578573356,1.2841790650537452,6.9391380214854195,1.5771103241749098,1023.660360759168
324,1,6.797044040031331,3.5939119621502105,0.10009139180797134,0.6147650705851411,0.7730599974868987,1004.0009301214704
325,1,7.706340035767415,5.933300473617304,1.0001905056125493,9.191638295899835,-0.04220883238980644,1013.1028255871566
326,0,7.404029322143744,5.217498146517774,0.4049472258238453,0.2597193504245241,1.935873847047806,1019.2389477426834
327,0,5.972027436401401,4.86976074685994,0.9344002388471144,7.17721264523948,0.3642236934224201,1018.6862499603981
328,1,8.04501660940193,3.161057985718159,0.4027089530059367,2.4029003609263966,0.09333753167550163,1001.3800121982222
329,1,10.012196179428463,6.590647588236675,1.0544638158973847,7.059650169884477,-0.916131165507645,1015.7143815696373
330,1,17.258168368405165,2.2947699075943104,0.6433252973707052,7.192071863892524,0.5190268793403705,1028.0785496613732
331,0,5.900002792289502,6.001597553375067,0.22508704951034422,1.073448922769276,0.9981185774029695,1013.9043299468963
332,0,11.658152291044436,4.275644911117583,1.1403918720251796,10.483446733389203,-0.2345576157097653,1009.269253841246
333,0,13.53595468024472,6.712095234884093,3.0151276587997695,9.278338971808804,2.820602797092275,1034.9624061970421
334,1,11.635276772793599,4.88536810084837,0.428232635038087,4.793965971510749,1.3695072644983424,1021.5573151527539
335,1,20.89504025696516,4.168137831534409,0.6098763080992677,0.13854293986346766,0.26261762448790515,1020.7657179950721
336,0,7.4186973841785075,4.116921745041699,2.504869924880315,0.7089444169855521,1.8492782181698297,1026.3234416210225
337,0,12.662263932310843,2.7393860716540743,0.7485045782461841,6.500379931520579,2.1072902388006858,1011.2696541938352
338,1,11.01072554803879,4.600998267534955,1.0793270149534464,0.983437354595996,0.8238047127483421,1021.3806811526903
339,0,5.984342175390281,2.417430182388096,0.8325891145581352,9.784791946048314,0.24999037813764757,1021.3739244034059
340,0,10.501707909708248,3.3753214428271856,2.686891354938138,1.270998735833571,0.9396705206811499,996.5574108647885
341,1,11.091338533496996,2.4308910259567025,0.31066690784747925,9.709821870332235,1.1097160655921827,1019.0546988713777
342,1,5.780454187624413,3.882023834782691,0.2241472813886842,6.051846790274989,-0.6260677459644182,997.7101179066965
343,0,6.017223315745304,2.380508029769321,0.958910093135456,7.692552983255544,2.4032687771973027,1003.4467193347709
344,0,10.724104883096409,3.195155637467197,2.626279746583582,4.157637333481452,0.11245509120499864,1013.9604117897366
345,0,13.657430515075344,2.1000928359489617,0.5834246164173174,9.172953311874064,1.5938929383414755,1008.426305651706
346,1,8.618401443322554,7.2591300300168005,1.4069201971879082,11.923794148543317,1.5007721551426987,1038.3429162245768
347,0,15.59912552695615,4.002167456945633,1.2226800083420317,5.489370632929703,2.6218034151940444,1009.3923010947102
348,0,3.888632318000945,4.925466843992018,0.5476981821987755,3.5077614847694485,0.2322149936376231,1001.8988351159445
349,0,9.087666050118596,7.380088976761256,2.319939874246532,9.362489803072668,1.3042525727709329,1026.452958002592
350,1,15.599903500752387,6.521528376650765,0.41710754269113426,11.29077905971071,0.9446640395848747,1006.1318881847699
351,0,11.792686868471462,3.127352993003904,0.0931989172331369,1.026341049167835,3.2792958052383407,1002.726317652025
352,1,0.7279818602512531,5.397474428944324,1.1098539118330613,2.7203475590645487,0.011946763200095245,1010.3889443382526
353,0,7.176798963520051,5.610637296311625,0.21198201401099898,1.223179695362791,2.3737782522048674,1002.9797192951893
354,0,12.951434800866323,6.197707063426644,1.2268137591552544,11.941050050011464,0.2856659923318259,1025.111351567906
355,1,16.67574483849378,5.407612436698205,0.3424792026384983,9.20654640781978,0.42230787221758703,1016.7825930784497
356,1,6.536702601719647,4.960407323204937,1.051798397928651,9.335110376496427,-0.6321062204275634,1025.713777622679
357,1,16.370086157067465,4.6954223215896755,1.314199445034758,9.700941343691387,1.095702839555013,1019.1815301386162
358,0,10.502835647785295,6.35110799525162,0.2747441682122903,3.2991866476161498,-0.061174120291053624,997.0522958646891
359,1,13.138385573879344,5.15997090740853,0.9838813529694292,4.253363659065238,-0.0961389689312886,1015.7357071653653
360,1,6.34895828407168,5.37613929939736,2.7613394304479013,9.584067833860543,0.5428494373799251,1041.9343172340846
361,0,12.841590238277215,6.620548564451038,1.8508361683201864,11.138109320946274,1.752565866890677,1013.745125328555
362,1,16.352071645115473,2.8263241654796682,3.5544156665781856,1.8879430378516324,0.3694587788126922,1027.0702395928727
363,0,12.418623942033214,2.676731540237709,0.07371036639674576,4.875187096985245,0.5949334538505888,1007.9158811566148
364,1,5.447905461531403,2.0211109573544834,0.12940941909699424,11.99625255512865,0.6266864960626617,992.477837624057
365,1,14.76537834762689,5.708862386111877,0.7602830984672466,3.999149260606799,1.5953208432030315,1024.8297792348155
366,0,10.059435193074291,7.145077755085752,0.1476266947705299,0.5965420208827537,2.088358078037589,995.8000552124021
367,0,5.198156951957396,5.766652584600395,0.050929735843164216,2.0490730178355974,-1.8291079297034951,1009.2815906900033
368,0,16.395353864244196,6.4805675688188344,0.027196630126707914,10.254282731677819,2.296832270921403,998.2100272225363
369,0,12.247867656705214,4.188281038414116,0.6712651125000013,3.121458374517841,1.4226871875440066,1010.5222293546158
370,1,11.07841817300972,4.064971963801602,0.30387896445098495,6.442114086399591,2.3597681209180084,1007.8674249616494
371,1,16.540185245156366,2.1241804166961464,0.6003083516253452,3.005268420818926,0.8842741606794396,1034.3734396567952
372,1,16.38564523737165,6.309000831491652,0.4924463929993069,10.473123259642815,1.0935124022273655,1043.2594968804524
373,1,9.414035996279303,6.791692584481679,0.11818531607792002,3.050472855194104,-0.9378950136453776,1011.7641085891667
374,0,15.85396676147992,7.923113797405559,0.1972615900027355,10.045177077633445,1.1652038385615884,994.3422253700595
375,0,0.6347392193195702,7.667413492466414,0.5751658802060099,1.7397702090353424,0.4051342563653558,1002.6919876939737
376,1,10.91703665876267,7.511402554821602,0.08701401433444092,2.050947563510209,1.020250628493675,1024.6355590977066
377,0,11.239102713931715,5.1471792754892975,1.0318179060316184,3.9435000643017672,0.6639931923981901,1001.362500823279
378,1,10.888209420921765,2.9700259574512735,0.1830427712350588,8.324417641011575,1.2994747834114626,1017.2637306759481
379,0,10.867013803709815,4.4478274739627714,0.8853092780088749,9.718296153320019,0.34737383650073106,992.1607368924167
380,1,13.587681280124443,2.275659151573599,1.5290393202967898,11.580654389470398,1.8988857104481518,1047.2069060097142
381,0,7.624174698505471,4.364689163664508,1.3276440259603937,8.627388748264353,1.0895238180032873,1004.5832583911423
382,0,0.6657478911958545,3.921160057283223,0.09275611625929231,1.538605842995611,0.6380059725272729,1003.7737681147283
383,0,3.9066252985097556,4.067387131447418,0.45965781112845766,4.216178738510032,1.3463658263778848,1003.2202292894085
384,1,6.8443379322024445,6.056433874154552,0.8679166239887943,2.3030192586370233,2.5121722482304616,1019.2747440509479
385,1,8.861222533732485,5.56557580428603,0.627443788784748,2.506900387809161,-0.7479246537701867,993.970205424964
386,1,11.044000920031559,4.352963223337013,0.1543066738922655,8.673093685446434,1.7113108284510976,1016.9037941832808
387,1,9.271025086756241,6.681749324013931,0.341986870517824,4.48776885413942,2.2743158441898808,1027.9071682352396
388,1,14.90878128089809,6.500975360223879,0.28648652584657613,0.6344529599750701,0.28781583801135735,1013.2755449465478
389,1,16.778744069572955,2.627786879470745,0.1670076411594373,8.337703649418383,0.13542822079344952,1032.4841526489154
390,1,17.318133550462193,6.981676424731614,0.08235756648094486,3.3436557869898804,0.2292149176610544,1012.7681884106537
391,0,12.991737816498604,2.3128856317478714,0.5497648099009655,10.860801470956895,-1.1333938911507215,998.9408654592635
392,0,6.751329311148771,2.430714516918443,0.3516202533408979,3.2588068409016966,1.9871923878276192,1007.2704491123205
393,0,12.53480718966567,3.0724826223120854,1.2840939217366139,7.886490465157934,1.7252158947468716,1021.3625081332697
394,0,3.5891047106392584,5.819835488033755,1.97200530979242,6.33370515864471,0.016981827237208202,1017.8363709404289
395,1,8.990907834192758,4.087572733676714,0.32359317602156773,3.6076316325621614,0.9429818824044112,1016.3877907852705
396,1,7.276269658502066,5.698497127333093,0.10424562858315976,9.27415708721474,0.011725881592805298,1012.8143743392669
397,1,9.893577639572982,3.944713037561831,0.49082081697319746,4.039075653847122,1.2109096717746826,1040.4410105616237
398,0,8.772517261747636,5.071962990939173,0.21646266113159418,2.319857120580009,1.1261842281208487,1015.1359047468029
399,1,19.050570722317595,4.611328907558624,6.154066552277213,11.000668802558767,0.913975416041726,1100.0424908651523
400,0,11.82620974866991,6.497575159874025,0.531862230089862,1.0182104996207313,2.3428084794969544,994.3780204252378
401,1,7.591830632656778,4.95693913997165,0.13223112348426327,4.627360491598855,1.4592594463629591,1026.1325481355218
402,1,12.016193130305343,7.137271442448948,2.12776683069861,6.539215461643477,2.029114375324972,1028.627138240014
403,1,8.855489333615571,7.739915368246462,0.09737910183575492,2.4244193100667464,0.992793260876873,1011.829093849547
404,0,13.406786027888312,7.6772974006809465,0.9733092406750423,5.449406323399498,0.11015260913755653,1008.718459298107
405,1,10.41609095770399,5.801847177816629,3.231194254804682,0.789245384805652,1.630393513074417,1033.6775145921613
406,1,7.20296342210451,4.601908228814024,0.328011828605372,4.9704385701255935,-0.046414757753368674,1007.6123986316179
407,1,6.849297717735675,2.927529858159711,0.7594087409355106,0.21728092217627193,0.28227599372919954,1018.5012414494375
408,1,4.726545170189527,3.9844317755026823,0.28884375471851753,5.986744070746251,1.968848805038604,1000.2118330510299
409,1,7.95786511081339,7.351954197725324,0.6824320886924533,2.0034132981415644,2.0762085762831592,1007.7696704929513
410,1,5.942712258845358,4.284634338037141,0.6953294220119144,2.290067532251132,1.2334136174878532,1031.414856274978
411,0,6.625815971704306,4.6889253093224745,0.28092514856381,2.1963154701428134,0.678778644443049,988.041104009997
412,1,4.407712723232594,4.891946354194601,0.06665497354295936,0.7790806631053533,0.7514495304380314,1008.537646557053
413,1,11.00750966827276,6.731591114397904,1.0317790346298341,1.0783247508748435,0.29944929096578576,1002.7674432833954
414,0,17.407236761716405,6.494533967336666,2.1286531304276353,6.508461217040548,-0.10470218388326646,1021.7919207726305
415,1,9.377901917594475,5.781493105733402,1.247431163576814,5.269664991895266,0.41928340158335176,1010.4177372463798
416,0,7.849504253696921,4.700351662930075,0.6264204200540496,9.911916677100473,1.4000841942964826,1019.9212191306702
417,0,11.454228934019351,6.082422950730856,0.5768060892764872,5.635110019798768,0.5978662567332174,1007.6587832629906
418,0,10.85201625217186,5.078810100786254,0.6323801163793027,3.11167141036389,-0.048552833648388694,979.8978236730698
419,1,9.733370860533617,6.856154732465643,0.5349744284234789,3.2478968923760165,0.9838740541745503,1020.2564215880383
420,1,10.371474143288204,5.883831614952747,0.19229704933952807,1.7906098394531096,1.2480313887606844,1016.0997005603152
421,1,12.178414005795629,2.433349825635031,0.73413386435612,2.9021932944698383,1.9553846788306117,1028.5436290978505
422,0,9.365409598217967,3.6740251284155465,0.012645559355626959,4.125210747956276,0.987722601053298,993.7595076629501
423,1,-0.19134974895736612,5.60709222028922,2.9006547836467207,3.2220359513265193,-0.7802184772405165,1010.7729858258073
424,1,10.937501733218255,6.4451843170861105,1.3016394893852645,4.705457525477592,1.2462342129745698,1006.6807792174877
425,0,9.698082901125158,7.738104438327666,1.2955761610916174,9.059583023287091,-0.501482782101845,996.4728689389144
426,0,11.958853910321077,3.298545214777116,1.3896025034788868,3.788719922134308,2.0339761472924183,992.0021827318608
427,0,15.955546274293884,3.235120078061181,1.999722203728282,7.404842152278716,2.486956413497338,1015.0841865936119
428,1,18.161928446796487,7.242096270524935,1.0710370811130407,8.942749007804512,0.6439996318018015,1025.9274955329288
429,0,10.539489917503415,7.564247673382436,0.3066389842011617,0.5704446609896623,2.4911097214177143,996.9357119305171
430,0,10.35730642416735,5.555006008705681,0.4672398790469465,1.505517035151788,2.130696288350582,1020.4561313824396
431,1,11.977855082938738,2.332252835746181,0.3870052931339728,3.212682716687027,-1.1546198665775425,999.6785215622814
432,0,11.645387121820358,2.3972238993511064,0.38555146265004697,9.917217769220361,-0.32312566615902005,983.1083189725846
433,1,12.815468362647865,3.3005228164413123,0.3223854322676481,4.435782989863306,-0.7491006046130992,1004.8552502638089
434,1,2.4834984945578125,4.120434183923239,0.5226204275973518,1.0582555229036368,2.2597440588298614,1011.049635623826
435,1,8.079649267469597,6.467808959563959,0.6765164658761907,4.293532896366629,0.6119695742476379,1021.0772955599947
436,0,7.173215700484603,2.9542258369099184,1.063015163040355,5.306575474410666,2.223234194509539,1020.7235687185856
437,0,12.59601551460531,2.2385802896081977,0.3875151835457314,0.13463399869473136,-0.049334347034966086,987.7435427650371
438,0,11.218346844193492,7.238465271023556,0.6289895538500659,9.333125625925419,0.8819606006020402,1009.2003999391873
439,1,3.2544752575236977,6.271830315199378,2.5078783390607016,2.549140483263163,-0.1849191520266249,1008.0599111276526
440,1,10.474188635153991,2.353343485582595,0.7910948339153273,8.355558176039018,-0.04062365979430682,1013.9499803398476
441,1,3.0632841130361292,4.056099105838307,0.3427975598532926,10.801592430255267,2.4685887084821,1010.4679218228263
442,0,16.749243401599248,6.036237940946931,0.7833081307349343,8.770901605049318,0.28687581587221833,1017.6146823352168
443,1,12.284702299168456,2.2558112936833625,0.12576876269204712,0.3812477279101807,2.4022046543571864,1026.6456125024374
444,1,12.632183374370806,4.382163452617484,3.5937376142291093,7.83123251216448,3.5117322534907394,1064.2449333900204
445,1,4.849835389279082,7.105797820258296,0.6725282251552496,8.166715563960446,1.383307799069093,1015.6044530900394
446,1,11.377381981736313,3.9542920515772932,0.10513131570742507,4.380134966417295,0.20682013409887878,1017.2593136670164
447,1,16.862622712915904,5.9459220500262635,1.1755040243793373,3.2329839334602464,2.123777576131151,1034.16096058803
448,0,8.48788116979243,4.998070106885481,2.538702202273291,3.039354519218704,1.0074056441380381,999.6374020463124
449,0,4.3517362246694695,4.2542992803522095,0.5621080625522811,3.670017149901252,0.5473060247455626,996.2906627611017
450,1,11.070275404321404,2.5566354272436054,1.605204225076753,3.7729597687432115,0.8023292851663122,1020.1505005150152
451,0,6.8649452234034705,3.1148127313463148,0.37475892185944915,8.51025313847799,0.6029736220883171,1018.3004919535689
452,0,9.906615883102177,7.0659392402321455,0.2996378387332707,10.723826817289819,1.9480094173237794,1014.6287557484294
453,1,15.496898470315864,2.3946975259662433,0.6032735116175212,2.624507848926764,-1.5113242991892077,1013.9075462230937
454,0,11.399933882077814,2.6584097005452745,0.5081479912514878,11.635310284048805,1.1830675538682516,1008.5749343239462
455,0,18.109199506548297,7.442200015402711,0.7015559492435229,9.82215176584087,0.6220650398855815,1001.605854390499
456,0,12.245582431325118,3.528339086382081,3.086754939536261,4.3738232525691245,1.5057356632918237,1029.8651600030485
457,1,16.086181331064992,2.8276587906786705,0.545776380283779,4.986381646488225,1.0030891953082164,1021.4931464750882
458,1,16.73582681629496,4.341057333103084,1.7576210040455076,3.3094900313772873,1.3090437683579277,1035.9013540367262
459,1,12.730379372277469,2.0304072833282625,0.7883870303738322,4.9960673313855075,0.4644698420592469,1028.5567364625133
460,1,7.000096563726688,4.432349319199196,0.37900959323473404,0.04898532905111219,2.270504457616587,1001.708124442763
461,1,6.929780623212267,5.159873077680707,0.4238041672339784,9.86662823147942,0.8180731036239246,1020.2125377356887
462,1,14.07551671458996,3.023091378689445,0.42709695442384216,11.123779629588181,0.8342282428098724,1028.8292318801182
463,0,13.876566051693278,6.749685315374188,0.8962174482394764,11.104660606952859,1.023495682191402,1006.9203885273206
464,0,10.947658869512164,7.895976351483118,1.0776113298565964,9.398995718861796,0.9984515572722716,1017.5706478003647
465,1,8.662222801874073,4.166822911284387,0.05269542893025663,4.563080028198087,-0.6141980591581082,1004.1553983751852
466,1,14.891135773218622,4.372340717385923,0.030446380190936432,10.467217750424911,0.7212742397228957,1004.3672287004802
467,0,3.3346113965945854,5.351776613021138,2.230755645741499,7.809526417592041,0.2950364538071092,1016.7922474744338
468,0,10.744683649633071,3.3149736397830085,0.9555024221235013,9.66823596196302,1.4991980691545528,1007.0347568882639
469,0,10.279071834183112,5.612340978277942,1.9366016479822956,7.01821951784332,1.6454474641885675,997.3571825700566
470,1,8.944092982468861,4.955023810509802,2.244710198220254,11.179550273639652,0.08846021952299388,1035.0107685225864
471,0,3.8660435501106205,7.151716827852177,2.1237622607978386,9.97658427919141,0.9612627424010002,1022.6347144274265
472,1,8.877786898737577,7.520061607754835,2.0870962850203916,5.385749097614429,3.4938349438840346,1042.4093381316711
473,1,8.510320392067888,3.5999442652879905,1.377870382859213,2.9142065279037777,0.06422299800297548,1015.7656275898695
474,0,6.136166629736601,5.842376954628963,1.616224819574009,6.397758312132131,1.5056765547893713,1013.4545033023236
475,1,12.340864739758292,3.574662026597302,2.1125008036664843,4.363735259233126,0.9996035547716671,1023.3593983612309
476,1,13.806878182879919,2.0001240645134324,0.49193593697517435,0.355002880411702,0.10974519289977058,1006.7140230063613
477,0,7.397224564792536,2.481750045331188,2.6112336288403326,8.789159377171377,-0.19412211547320068,1050.1647774388648
478,1,7.469780341501933,4.865996060670295,0.6570157625095394,4.180843820673,1.647301531796698,995.399312961202
479,0,14.41841347474842,5.179360245493589,0.035203694236613486,1.518838995244706,0.9805700016496004,1000.9744112110324
480,0,13.295545848292377,5.557861353237441,0.5559444827800233,7.985750948048409,-1.697709804517026,1013.2587716892381
481,1,5.352446934158171,2.655387513635774,0.17836767223377775,6.191705456528918,2.035616432825276,1013.8120379270584
482,0,8.707249776122552,3.8953896903745444,2.1325244358193807,5.831568590280542,0.6859787681191765,1007.9505368662783
483,0,7.303607007940973,2.6431986895961446,0.49407492411915205,1.7527874039960922,0.36391118843758086,989.0974561032663
484,1,12.535532396805165,7.230327352171098,0.5348088887094629,0.9461192424062861,-0.158476104857024,1008.3527937597274
485,0,15.852288804871433,7.3874573059185575,0.5438013300593444,3.252804216372454,0.2520828461946525,1009.9415037692634
486,0,15.845086592239557,7.497229432954531,0.32307696212323966,8.411284818464065,1.5302939713610582,999.1754474239242
487,0,10.920797812542201,7.93041950297353,0.09182570323507931,6.7467632799638935,1.6238797067023012,1004.1836316503305
488,0,16.825205444126713,2.8897115536146196,2.263746448994849,1.1680115233629604,0.5151639174851614,1007.1950112592342
489,1,4.767267867227687,2.3674596980618876,0.051818893445594816,10.31263758180691,1.4059926974634251,1023.9033574168783
490,1,9.400198520314145,5.114093155542396,2.3879240518635525,5.504982219619764,0.7082647749665751,1027.4900767157806
491,1,15.119809915474512,5.696383244918138,0.2683522406912438,0.5626108203499633,-0.5569489308021021,1008.0084047045942
492,0,7.809628747165521,4.037754850293651,0.311730011978793,8.072759403591599,0.6749008954421922,1004.0171889683146
493,1,13.76760565169363,7.75429594997268,0.6869132338574414,8.872039516727549,1.367764173286957,1010.6481914433786
494,1,15.947502603023441,5.554164159120264,1.3756315135128627,11.795189164884356,0.9357255328405408,1036.1778711708766
495,1,12.271662175999449,7.206877858542234,0.6167323884043222,1.5704727903371527,0.5303604059164944,1033.6245268901216
496,0,11.288592048554559,6.116445583389979,0.405617678897007,11.733250000364553,-0.8981583826663602,997.1284908976127
497,0,15.245932716082208,5.376760117204215,0.300116986362107,1.5537306874674965,0.0071249214759828705,1007.4203369311886
498,0,12.101473492310031,6.685816576111047,0.44360941833099043,2.372621500982577,0.06135426225440721,1012.5307648864612
499,1,12.202225069279521,2.548420226980795,2.3718037891062873,9.01741189478384,0.7878216254261456,1034.671378151984
500,1,15.800507835944892,4.165343552490798,0.8093962296593696,6.301126322204883,1.693421926455589,1037.6828142012187
501,0,18.215036253393606,7.026146710407757,1.7930135309859787,8.762574397293697,2.0833205283176177,1018.3627963038155
502,0,8.22342783235116,3.204722042972982,0.4608804397470546,7.828008102030703,1.3321305812422175,1012.2154907872531
503,1,11.900197270996195,5.291555418448645,0.06400255711730579,0.33948190296029246,1.1755328431111507,998.0212421388611
504,1,12.443984579915409,4.276274169121879,2.2607301262923736,9.919674943465525,-1.6169819824210019,1012.7152579757875
505,1,6.161593437504837,2.760062340784155,0.022623596140795645,7.756887168291945,0.4387322664390837,1006.7325379642375
506,1,12.047819838306966,2.9765971025778675,2.8364042667276625,11.204403545731049,-0.29540442794442434,1044.5474365388254
507,0,8.594605679048916,7.389804418487545,8.190612041654285,7.5607594058922025,1.8670930235107903,1060.303506745523
508,0,7.661282326532286,3.734829327168735,1.6553569950994511,9.848016743968513,1.0558259828624845,1004.6637489511801
509,0,11.066549372627863,4.029642810222976,0.4250632105950356,2.6755045740317844,-0.1863392015926364,986.2041572446368
510,0,5.803785634000588,2.3481023910175525,1.7622423154469486,1.7544549704150905,1.596823109030985,1014.562058837075
511,1,4.931010419667158,7.882458604945079,0.15225906410273457,10.425237155144842,0.9912507278787462,1004.5051977636177
512,0,7.330370158592457,6.185958187494799,0.7488421240403689,4.60822350096149,2.8675916244305055,1001.4386773264247
513,0,11.541050860316261,2.56735282750779,0.4572418320731953,10.672157562304733,2.3470324451413758,978.6456231239977
514,1,9.006099688738248,5.40030073077405,0.7309091781115721,0.8201491264245906,1.7428445792570926,1009.8228487287779
515,1,6.506416060109144,2.7910506932038803,0.08204352316528195,5.382824067063208,1.2835936555241654,1004.8376568993025
516,0,13.803161299760331,2.7788372364047946,1.0663609882826859,10.108918508088692,1.341733250844238,1012.4586849031263
517,0,14.622751677407567,5.553397281104155,2.052643313345917,8.093465199381466,1.2732173309558044,1029.7455591535204
518,1,13.885704175684364,7.170298107875094,0.1817317536603183,11.109858009050392,0.42255672529420985,1018.0746279568111
519,1,13.197851548710414,6.450559959877155,1.0022916587877764,10.709877954055452,0.5288496343278095,1030.714111073197
520,1,6.292354752595598,6.370063358305501,1.3211268265398595,2.5120720416634286,0.06342210455303787,992.5459002870499
521,1,13.193474854868022,5.8790784914536935,0.7250708207955847,11.16746188354744,-0.1786931483312839,1044.8405399244937
522,0,6.086782001804407,3.000198481276804,0.883740206299372,2.279998325346265,1.2145427151650043,997.9591084391687
523,0,7.9720132494203515,6.373972066044001,0.8475785570799952,4.473477771088321,1.1499322028686505,1020.6465114164091
524,1,7.272462758397788,5.381869929586314,0.303469883651003,6.895590709576015,1.6047555102670474,1037.4871763674862
525,0,3.2490880535964664,3.80452074105489,0.35740490935256203,1.6930742474729112,0.5683379173893308,1015.7231446684676
526,0,12.761751919923206,7.286006916870383,0.7281503365407365,10.593423513385076,-0.6696404061371071,1008.9480887204381
527,0,12.356597716120604,5.6126040902477055,0.6487380238850501,0.9093283282526894,1.6325244813813486,1013.3454054481998
528,1,12.321361874968089,4.056862168486165,0.0009300907399881451,8.371006175989171,0.40972068135093653,1012.7947385648638
529,1,9.055843360467096,7.08904977895436,0.7741566776739851,4.648674507763235,-0.8012236564919979,1012.5954391065745
530,0,8.469329408839984,3.802419492092369,0.5929520183415218,0.8505727095157738,2.498877920332159,996.8844506487272
531,1,3.9912057402560857,2.2300735719614213,0.48967958094020714,3.452850834071185,0.21886061635724585,1002.9205550547942
532,1,7.8773929246734,7.687857399245928,1.5041123556839182,4.5093227775115015,-0.2092705007725626,1035.0134149261548
533,1,10.41718659432049,3.458720862908783,0.1016372778437135,2.173686602238125,0.8035816517397032,1015.3886661924215
534,1,8.70210240824407,6.438111384176544,0.46877235605287937,2.091917597944677,2.6692765890872647,1023.4346204054937
535,0,10.40743632769907,6.834183240862673,0.3514776368492354,9.25869508551633,1.5964739414859985,997.8309941531267
536,1,8.228934047597848,5.213734138783249,2.5872063034257144,10.133547055065723,-0.7231217649966113,1037.432793477399
537,1,10.317194887552004,4.92216213654927,0.4938054718748591,10.959592410209048,-0.36496948374336435,1009.1209540891792
538,1,11.114138341955915,3.3751257114076116,0.3924602575648613,9.257190710361485,1.4681420754390007,1005.085044569409
539,0,14.202853944337129,4.499312352409497,0.9083385859955444,7.984144209941254,1.0316816116423866,1016.2415676563521
540,1,9.27174777944733,3.117961077448217,3.556828448000536,6.3945093133543285,2.3499681119094094,1021.091101568196
541,0,5.413980791556667,6.247372981378183,0.11155732730899161,6.961624081127413,-0.693804898416952,994.379540734539
542,1,8.63693498382388,5.171986354928686,2.449208031053136,8.51115782170703,1.7772500484103495,1026.8212216568177
543,1,15.19682502285458,3.666132265678321,0.9646348656130441,5.563233858712988,1.0104899599350265,1018.7040005698788
544,0,3.776257657201792,3.455834993534624,0.6142867638744515,11.023260386146815,-1.5166104655818318,1015.2510803969351
545,1,6.198032112708578,5.065260106890666,0.04714257167239141,0.3319383106520002,-0.8081487715053135,1005.0983517056472
546,0,7.251207007513623,7.916364032157174,2.290330338395354,9.52573271402969,1.7690210281564709,1011.46120491187
547,1,-0.13051067156479057,4.502215861876057,0.10380885745467232,1.8489315792926377,0.23110947880407262,995.9079522148917
548,1,13.98020570427822,3.220130870606262,0.27770103492767934,10.433473785636934,1.2778890785658972,1009.2428982847243
549,0,11.048396160364963,6.287756572357278,1.1488034444235957,6.4384811061850975,-0.08382526426215464,997.6645539177318
550,0,2.53452093488389,5.76922771303691,0.13953155441272994,10.08022323498869,1.3402339902268943,1015.0836493029306
551,1,11.526494405272775,3.23719718201719,1.5137128962181126,1.2506147275562327,0.11197450640939244,1037.6095454903955
552,1,8.73440163530172,6.41931154898964,1.3802695815236778,4.454151443386554,0.4246892184733102,1000.4162196401073
553,1,16.677447934822,2.0259565795169108,1.180783313685688,5.724330723104104,1.928913676906327,1022.4569983947903
554,0,9.242674134084517,7.764065045373776,0.9745712422511214,1.468070405927297,0.9843823834843609,1008.017134222296
555,0,2.8099412569223565,5.987569909715525,0.20158378761584092,1.12080873349027,-0.5244625278662236,1012.0289598872992
556,0,9.405324135492773,5.03049174409511,1.5934211870275254,7.274607049493397,2.35851259510999,998.1928779296517
557,0,9.365706114304626,3.00034974830014,0.4213908324681459,0.9820521959299606,0.6486474625722547,988.6199009049726
558,0,7.103985700265956,6.231249824315505,2.7871171703136213,6.507707287916711,0.015317209746507632,1011.5153102369841
559,0,9.158610871000167,4.385484013474661,4.034429886127984,5.358790507512291,1.5848669681593193,1007.1215917228997
560,0,8.566050344529973,5.966567287042049,0.8627196816444453,4.260976956365846,1.5499820988006667,1000.2327954754426
561,1,2.9118362627371956,4.81895751591119,0.2994628583265889,5.805755902635108,0.06792303678407374,1008.4913417099102
562,1,12.267326588592544,5.147279632839813,0.9058586996863708,11.01365901274037,1.8861242163569534,1042.4672210254496
563,0,9.942381702716455,2.8700956513621096,0.5430655779488559,0.11135682694789306,0.5049619586019014,1001.0631530636878
564,0,-1.777989340674825,7.104789769647224,1.111015182941922,6.441034293048606,3.1466754502594965,1013.7578698895836
565,0,14.17082845904131,6.53053660527125,0.2564470260243663,4.203829592890706,-0.5599241134724289,1013.5721020238963
566,1,12.018559233496177,2.5556475470024087,0.7514731954116181,2.086949746054681,0.48318540703843904,1026.45178948645
567,0,11.037956333125377,5.605626151291617,0.04059308132516185,1.0264974598184544,0.2066647074101594,983.1272794077278
568,0,3.1094086788845514,6.785179948176053,0.7164785588860519,1.838609228748223,0.8507903955508932,976.4083195787074
569,0,15.840421647698115,2.2429925697116335,1.8556571838066853,9.726751640204068,0.32367592909388676,1023.5458540988784
570,0,10.055502320135151,4.503453624759482,0.3580292378105247,10.729031150438887,3.4070420414683933,996.0923813142327
571,1,11.844290158840352,3.2248259641412447,0.29029918409637334,0.906720156791919,1.9776627192754066,1021.1136229855265
572,0,10.88873540587963,7.725737711198354,0.4582584733628074,9.025547741729605,2.4720022147604013,1000.9165963233764
573,1,15.08171739196772,5.1245658287453875,1.5804397228558331,6.8171304948419875,0.5485235645658907,1015.853286389259
574,0,12.661319827622481,5.258938089460657,0.7416897363222078,3.7578372824200676,0.8755338300293221,990.6475283736346
575,1,5.301353379040474,3.493334819201027,0.7648017829357882,0.6242206546668574,1.6735151800065722,1019.0337686596986
576,0,11.589897856163722,5.9995691955711985,0.05504575493019969,7.141159558695577,-0.05511390448804554,985.5170041780567
577,0,11.511275590177313,7.812173660022634,0.11738737292183564,1.2995924893372037,-0.5512523317108524,1003.6154979809407
578,1,9.19278672588943,3.874828564765682,0.25826762916519064,11.1274745615659,0.8114640273573746,1012.3143961247979
579,1,3.3847924594022514,3.2399006820372613,0.011452925664461955,3.514631884943229,-0.37857218665011727,993.1921278775183
580,0,10.570609415553815,5.94282096092277,2.066154043309726,4.4937150260718655,0.8673322487598388,1012.7217072988466
581,1,7.178372017120013,6.424248329529409,0.6718599336487199,10.386038313328582,2.4191539484522444,1035.4943410779538
582,1,17.724235507478166,5.859417320987424,0.8438457000706426,2.14453730659447,-0.32814765438253235,1014.8945660882762
583,0,9.627054734100074,5.006732055968405,0.09397042014181738,3.7309965283273168,0.9139718450492624,1006.4348616627974
584,0,14.70545033649304,7.689675519448424,0.17134914716481087,5.314606429518134,2.040675493428708,989.5341413748127
585,1,13.567171841596966,5.005292819236673,0.23342536641281572,5.728230719887996,0.9073966932017954,1023.1512802720692
586,1,9.29418733552941,7.05868569738009,1.8040046395091158,0.07155360214047901,1.4694846272052429,1029.9965243490221
587,1,8.742624471539308,5.386474839969141,0.5526152344207423,1.5057201530480637,2.5076448732446748,1021.8004606801256
588,0,10.879667961652409,7.342563047587194,0.8432991269085239,8.792695527382099,1.8754696017209267,1009.6064523393286
589,1,8.215528646781777,4.312572504696645,0.057660287288700846,2.9106111835580415,0.5735383554703102,1013.8045223121117
590,0,6.419069482597225,3.2610421793656137,1.0631751917576477,4.7282608128717785,-0.6152387383106066,1011.8061583559012
591,1,15.278240110825767,4.000014438307888,0.453229046538236,1.0663462954080822,1.089051033658553,1024.4593586821013
592,1,8.86458238312458,7.973644078174547,0.23974525799084773,10.091100382402516,0.12903249520052607,1015.3168518212817
593,0,9.25357056798203,5.876358655321048,0.6692458032324806,6.316743257056222,0.06414749700339273,1003.1333823205551
594,1,8.954834789229292,5.325122849933676,1.5922161043797434,5.91070456064787,0.799130818844505,999.5439921451983
595,1,10.855758229989215,2.0984701095349765,0.07604295570962578,0.49516433062302,0.7738787466830761,1011.212991533285
596,0,9.893859054495236,3.170946681380077,0.46524708518275215,4.764900809564123,2.9229348972378646,995.8162748285263
597,0,13.272039930569465,2.4234058614901084,1.6589385105860615,0.40159908704905556,1.723494493732861,999.1309366318749
598,0,5.915343727232587,2.1461113413249064,1.8272336156198774,2.625191352979599,1.5567776475633055,1011.906948727136
599,0,14.736573216075097,4.293763831470418,1.944430701935005,8.053891228244328,-0.5924308541190011,1027.3976487443779
600,1,4.1418719095194705,2.961663956839362,0.3882091917263547,9.603820762350221,1.8777407285961507,1011.4731532523106
601,1,15.926543365268735,5.239503285280461,1.0061881785912365,11.820225327366126,-0.14889853830145738,1035.8304948931625
602,0,13.417361815945075,4.338667327315585,0.5076449095400198,8.909781463048501,1.5334484006398905,1017.4562962917142
603,0,18.60537055142124,7.1255056338579035,1.156316976854333,5.03987961165255,1.7423565707831363,1007.8972032860923
604,0,-3.594949548140457,4.161570008308135,0.2592091383167218,8.137217470512189,0.2560913330844957,1005.7964363975701
605,0,9.671037332209586,2.7622708529146918,0.29405342888983066,2.386186546617288,1.175526388160702,1010.3328652058744
606,1,11.27894343487801,4.033710272986508,1.2198803565778353,7.8327468535454265,2.2796899464199814,1024.0182280836846
607,0,5.19695020267796,5.565220264045604,2.1077049155383456,11.531143412738064,1.3456156055503574,1018.9999884193217
608,0,15.762642383832882,2.0221350540938943,0.7300014810903342,3.2680852545330477,1.3284175447953714,986.183265355314
609,0,7.751084072264403,3.939237865848966,0.9539383490377,5.999067250123959,2.0734484020211967,1014.4054679072545
610,0,5.963101494965607,3.997897666809412,3.87017428916416,7.522753449017069,1.8521982564671466,1018.1152664139416
611,0,12.252939012509572,7.595824257483445,4.00516948552665,1.4977633247191653,-0.06483763357104944,1009.1193168709494
612,1,8.432412943908568,7.599539051682802,0.24171144539727446,11.27876569439517,1.0871104232810198,1030.4562755221611
613,0,15.410081697097393,2.537706707070644,2.5832350334776524,10.608691305384069,0.9527674712853407,1030.6959503615956
614,0,8.88869724823158,5.2726141064898275,0.3535324009740713,11.848622156485852,2.865111110691579,999.0769490080041
615,0,13.401704211515861,2.065138505580235,0.8959272627050179,9.95322398718511,2.471084286496573,1011.8723023434153
616,0,5.042544095440512,4.580891744334174,0.5846574246783741,2.3932787410348353,-2.257271177447394,1006.592368423822
617,1,9.560941640534114,6.43972939333811,0.8804369616722642,3.3220119972416073,0.9998578575887399,1037.979981253112
618,1,9.979412834808711,7.5165740764410796,0.479014439691372,9.556508648099195,0.29432600745495063,1025.709110456377
619,1,12.337182835847987,6.258515093255244,0.7840751995980317,2.3948138226158893,1.9876804019646117,1024.9911593512682
620,0,3.8012646313881895,5.064509059246873,0.5366176567906912,8.593144441462778,-0.7298812290191488,1005.5091149208628
621,0,2.7823128114224724,3.534476064447962,0.8631657257369961,3.1921829592297226,1.1137440819585391,1003.045059260722
622,0,5.859763201146571,6.909568189952179,0.959197630065866,0.5785573902004701,0.4196707792776275,1012.0183461138826
623,0,7.491229364781029,7.340608001729855,0.7487769564691447,8.406671064539642,-0.2121416241452554,1005.9064725302634
624,1,15.075020577900428,2.451843589638613,2.4524111565382367,9.320392370359883,-0.07272907748418578,1025.0050207053923
625,1,13.468281904505016,3.8006179062389247,2.5227238921933157,6.935929813962309,1.155032285073766,1020.7629952273242
626,0,4.494318710543661,3.925368262400297,0.8448551653055175,0.7112459945337126,0.11993720015898013,1024.6627150529703
627,0,5.394868162600384,7.1272846718817,0.016968083954821186,3.586294451813631,0.6062468752891896,1009.5899019039882
628,1,5.395445990220797,5.282668853311195,0.10468473149550607,7.27995706814005,1.7969419145980097,1013.620643611075
629,1,12.299071907697957,5.931191910541067,0.18962112205308418,4.555580016995648,2.138556981769218,1030.2650344761253
630,1,10.635623271220938,5.684966537321856,4.425975669403174,7.175274248772869,1.7221635946678409,1052.8410738556754
631,1,12.076389922764804,2.0800836799758553,1.1988320074766887,2.04222569382393,-0.39369937656141296,1006.6552366522535
632,0,-1.325633887201768,6.4755767159543,0.4669559263402778,5.778997332816271,0.7289790802623906,1017.9103375885559
633,0,19.54868935101777,5.878685976536712,1.5223955487397187,5.603655782904411,-1.8362680203366546,1009.9008973156662
634,1,9.418451779475374,4.12275606548187,0.7007208924432737,2.008804941122747,2.977762356901163,1032.407539486001
635,0,9.531906135683924,4.858229690848029,0.8716237911238062,7.761273643563415,1.6264998194667892,994.2746366347698
636,0,18.767651137182,2.729760974458589,0.05201292329322691,8.272998348692504,0.7273776427581435,994.9166328963558
637,0,8.687812688774429,2.001588669371699,0.9414419527010093,0.27741742479914633,-0.9078334761142994,994.7431460008889
638,0,10.441403907870457,5.725940259956815,0.5080407556397639,11.72597050245781,1.7291686669838944,1020.8192442630411
639,0,7.343633346458492,4.958544204324183,2.3038807615197148,9.90530001046826,1.7246348049438114,1020.9609025716106
640,1,5.320579214315285,2.0019780327860093,0.6779602670639919,2.5270322323788847,-0.3405828932056165,998.8999807272061
641,0,16.45090937780698,6.3641877753813425,0.7424723358026026,2.670894101752356,1.7684600125387244,1000.50888364639
642,0,9.650181581568702,3.965556098366323,0.2438087035436878,2.3698192488903285,2.7034021751253707,1010.8942329401433
643,0,6.841011523267083,5.994987227141335,1.0452132547846043,1.548646481465045,0.5079305963210303,999.4727277729722
644,0,9.083754433275013,6.2838292508428975,1.6008329638552625,5.22437313373948,2.356808030602699,1005.5628865517925
645,1,9.217620889428675,7.176118957481265,0.7368289884572827,11.786081083730663,2.3904105415619927,1022.3873856847628
646,1,8.565218635019036,7.842886534933609,0.04271541371200849,2.341378012972069,-0.6720375205064248,997.420224571011
647,1,8.431384492444462,2.9338406153177523,2.3363090378539093,2.437137519859169,2.8318809286946136,1027.710870829623
648,1,1.204648744660691,6.721166734099663,5.674821459572796,1.853168838016257,-0.31649993097580253,1019.146062853395
649,1,8.368097257751982,5.968827273951098,1.8531050196645151,7.369251016609505,2.1001265840547334,1042.8100083371085
650,0,17.037233779386163,2.5749400915699145,0.16028227997653288,4.4604228125190275,-0.018346788951243642,1004.2281693457063
651,1,6.675331250663044,4.7431010644663285,2.737848040742806,7.590257753674837,2.0748195499137374,1050.1967047362457
652,1,11.960792140737562,2.177448987541636,1.6945891971244087,3.6205887679869666,2.1203948756113333,1032.1684218950413
653,0,7.323531246139398,4.2348845403540984,1.9429148647305494,2.5169936447499763,1.2867146091239765,1014.7643816362023
654,0,9.469147180232289,2.0048095124406253,1.5998259676606097,2.937034516134035,-0.2250321253754648,1011.1766774671227
655,0,11.547158850863614,6.1858857580767435,1.059785508293147,10.613140816362467,0.19223079957130562,1009.2630292412729
656,0,12.178273457739946,6.796094713612703,4.272801601985663,8.522725800622787,0.23266091026686775,1060.8093423225446
657,1,3.5008628799353643,3.023523246435537,2.3575275191809633,3.5752309805229157,0.12140805967769552,1005.8901162744149
658,1,12.166976767167325,3.2336641850930525,2.8312480172139534,7.233642491457787,1.8091200858562915,1038.5498247989694
659,1,9.28649482583958,4.2578245994576065,0.26756855268137636,10.896844574290204,0.5229391025593213,1026.4938773873107
660,1,11.920819501871865,4.415475264183078,1.3277638156565625,8.296253739349584,0.026449102468374286,1004.397908167041
661,1,7.900404233798585,6.1962789094788935,0.5262176621610226,10.687633784726446,1.1994172175199214,1011.6176884216042
662,1,4.190633369638851,4.1195600986052465,2.3399968418496555,2.950577631567855,1.674395187463805,1022.4117081945126
663,0,8.54737014245649,7.639171772718475,0.030515930659133092,10.334339874305826,0.8196080991444419,1019.0838967196346
664,1,5.174965909115237,7.887683469525345,1.0663650944902114,2.2333964169674645,0.44427283723760436,1016.9848214586938
665,0,9.441982653840476,5.004550644257976,0.7489036289255101,10.97994771696229,-0.46230387937124107,1013.4967406591361
666,1,15.848851196889722,6.3850887136479475,1.6827014179417985,8.787608499581323,2.4133285496612293,1037.212087570642
667,1,12.071062850274798,4.244784565619977,0.31097051574964424,11.188993093582807,1.9229951292342529,1013.8080134394374
668,1,7.136680063328113,3.3922155477523557,0.11024914992694536,9.436958917240934,2.6704802768323663,1025.7538624218616
669,1,14.073060783588799,5.509220741884875,0.6226089839650364,4.454627915237092,0.28824848300472394,1013.2043761701293
670,1,5.929211220875197,2.602514197722142,0.5808769160968003,5.515791157349582,1.7206041029784112,1023.3675387532606
671,1,6.073627382936172,6.497114014692596,0.28264351099887663,2.50594550539428,2.903967928453,1014.8283327059518
672,0,12.202891406910314,6.099701401467811,0.8978275807087233,4.844179078078544,0.6385488411163439,998.0863467234698
673,0,11.819791152195187,6.308780189716769,0.19847462432155308,7.015985405329513,1.1532442130882035,1002.6116751301788
674,0,8.641055060668874,4.269923677926412,1.806400026199701,1.1695959035704941,-0.249386011899561,1009.6913558440449
675,1,7.111833097005766,5.815770099950946,0.8551308457014257,3.975162427684331,3.422917092857022,1032.7226924051365
676,1,15.334892900051017,2.3069541779879037,1.3360070222014935,9.636983391436837,1.4544879904898758,1020.8783524900621
677,1,4.621799744709099,7.455951864714735,0.4060534216178714,10.54377896677629,0.5909849145438781,1007.8758415892079
678,1,0.08452903262952383,3.327984829277,3.0403854352042887,1.3443383855184603,0.5107451283888522,1029.9436076990273
679,0,6.905005646083078,5.72750884240823,0.7875974340151091,2.571267441274808,0.7942353753466289,994.3763526648871
680,1,8.658772285766224,7.505343647623628,1.962230543681119,11.131946778309482,1.287649551285986,1047.556366130861
681,1,3.105810808830504,2.871819590822713,1.137344066125039,11.203080696797343,1.1959391464268037,1004.4094068465342
682,0,16.740922056677878,5.708686723678497,0.6949024016534303,1.8988056528662858,1.4689433369689011,984.7575433155537
683,0,8.474838674751082,4.455312708060962,2.1056430457537374,2.8513556708061767,2.2826610570415222,1020.3454748900787
684,0,10.351471219580631,3.4638804062733577,0.017687468201807482,8.119315762175503,-0.003957551794353975,995.746358260382
685,0,4.36077443375795,2.3669940977219386,0.7726674542595285,7.116083786572448,0.948693841684664,995.0254603105653
686,1,16.459172410924047,5.452269013355461,1.8727178732557865,2.1786726345935383,-0.2725167760803504,1011.09115875514
687,1,10.48911359892032,3.651470603787282,2.4512370474713325,9.181664431328748,1.3829628339312938,1038.0374317492922
688,0,9.219350185904965,7.033797080545412,0.10706228509620307,1.1930981361001707,1.0420522840584956,999.8374638591872
689,0,12.728849707013218,7.749638366779766,1.1745215716576989,3.7104443721952,3.273345181072664,996.8509240987072
690,1,12.612699434624833,2.302738787494471,2.4330233613910655,11.725041830701445,2.4278604984290038,1024.0456855029834
691,0,15.401339862727536,2.1679443706767847,0.41697922282525435,5.024035380824871,-0.8061774852993342,1008.827122098565
692,0,3.744514973855347,4.252155366184894,0.7121312756651457,8.200550162062964,-1.2960091229680164,1004.1043114546898
693,0,6.908895771371965,6.31760019996669,0.7699482219698863,6.123932087326067,3.1166558063156318,997.4182841660935
694,0,7.130984564220372,4.64185216736328,0.23618340483893663,10.631354578421647,-1.1856023433720528,1002.1769761660883
695,0,9.992153759757374,6.062110649909998,3.1776224747243265,11.730479765988266,-0.19422448348011567,1028.6702348784124
696,0,6.1787819583121095,5.60168299129273,0.06942514956126773,5.771478983182234,3.1175799886199327,995.0472787809879
697,0,8.833677723949835,6.136715329113491,0.5725217004158298,10.047369905912428,2.3486855335623202,1005.6055807284815
698,0,11.89237867182154,6.611812663370547,1.011422474897202,2.4240387385633646,1.040292440071229,1013.03140098593
699,0,19.525001417969044,7.2867424121063475,0.3857656812018486,6.82422977461158,0.566099803780993,998.6556934230448
700,0,9.726589043561262,6.365076551750533,1.2226511262715332,6.021344896926113,2.4911797237677673,1002.8040895951091
701,1,8.734396620611038,7.080278975231193,1.049972619537621,0.4544820171200734,1.1972284175726322,1022.1311515160187
702,1,12.337831578739937,2.170087050574164,1.5784782793049075,5.146330857933864,0.14654827178232088,1010.7387236380379
703,0,11.114968014679219,2.786570393704863,0.44370809810360595,5.079856302590687,-0.2811418005319275,1000.7039594962414
704,1,10.140460268282721,3.63857686761562,2.5616132936504794,5.718999623084718,2.359210521377695,1033.1517061315335
705,1,17.598315815628318,3.751199739569423,0.5818812459624383,10.842463779372142,1.9403082642241318,1033.6190883916622
706,0,11.040129427497169,7.176648237584443,0.39724791736464865,3.246132185849014,2.598144190584182,1000.0392637597785
707,0,7.98688096147289,6.271207476140013,0.8519969279678575,2.878573187529804,1.1328527327659228,991.1014598491003
708,1,8.089787321184147,7.162140411970088,0.9563913396165913,6.0036656605435965,0.9088775782554053,1009.8405760583599
709,1,13.3789818021643,4.2706458343878735,0.18772915897222245,9.314930204776317,1.2143673911319874,1022.5669193591477
710,1,10.977182641176094,5.250517958618072,0.43287869794948725,7.2699745598948855,3.0324558335017793,1008.061449002493
711,0,6.347090598262266,5.1582909025014745,1.682090102999393,6.406373183902397,0.22345621928502257,1012.9577746790616
712,1,8.514001189381675,2.152356053760894,0.12551576342355159,3.171443842436212,0.23679151358953987,1000.4586828185858
713,1,13.934884774983951,5.145844594212556,0.3552572593234208,1.9027649041954238,0.6142060355502266,1016.8466760537419
714,0,5.715487694250262,4.4986548162358675,0.20817040066227455,0.10813692014808618,-0.4344122848892704,996.270149722676
715,0,12.580679443991157,6.793488626489765,1.1684068792277804,0.0714255226052134,0.3155198789337007,993.8039430762708
716,1,3.348210213597403,5.202245014158993,0.43086224443208654,7.232615611618946,1.0697328851731869,1015.8524432147448
717,1,15.61582445743917,3.047231648496419,0.3339323445669144,8.691201108600929,0.46704863587395606,1036.8605293578194
718,1,11.689224876975036,7.546881416665386,0.667786280245939,1.8206815968584134,1.1723806309164282,1031.3128324995016
719,1,15.148857212402884,6.004313241065964,0.9273060917437962,8.258393908382228,0.4569250988355189,1024.9762910527288
720,1,5.110938627399053,7.7562474595999396,1.1273331450629342,0.4610472072587486,0.6720679215723263,1022.376749820671
721,1,15.793865798610788,6.207932793347623,4.277639896559471,11.335768311803868,1.1977597513444465,1061.7496540062953
722,0,9.451068109315967,3.514695243585057,0.6160790575426696,0.6597484558443303,-0.48634027240503985,993.9194971184091
723,1,19.76956196200359,2.515912523875002,0.09963127483094743,6.199183414913181,1.19807276848122,1032.6137194482258
724,0,12.915364026457409,3.2853761642885946,0.4503424272519636,2.4455853614300436,1.4247152676400028,1001.4517511783449
725,1,5.492732436824886,6.9097000507781345,0.8312704001835688,9.184910446714111,2.4148486081435028,1036.43091964232
726,1,18.18400276239498,3.427949745008176,0.4863754139565936,6.386612032163115,0.5781954954682063,1034.259281145011
727,1,7.315830512193795,2.7617052261007613,0.6055908769351214,10.694272111149425,2.2598585623176506,1024.7750976160978
728,1,8.017907079281285,5.263984276117911,0.5890173995182416,6.047582766398047,-1.6013504368572522,1009.1478439340989
729,0,12.888726503507257,7.344923728681416,0.1374830213830304,5.852547840259506,1.2660260119358284,1006.7600627940176
730,1,13.944592094722346,7.7469604789603945,0.2670899519345204,3.742343247369715,1.8591382055441628,1023.5974503181006
731,0,12.254554341357782,6.734295931581858,2.038018396738661,4.090146988888025,1.0821523501929728,999.4311990344852
732,0,8.036219598287806,7.376286566189795,0.4658126806323471,2.5693915654159203,-0.2754526900699892,1015.7925867258049
733,0,7.782207274274336,2.847841601728694,0.30775854026400135,0.07260118214978206,1.648914426269499,988.9782624543831
734,1,14.716872149034291,7.445222928594115,1.242371899487316,5.618317576711909,-0.14728407858681658,1014.7813597877513
735,0,8.640708269217232,5.3440437091429445,3.42313571780007,6.007171669745098,1.003078403228893,1017.6050769340854
736,0,11.863073268918898,5.987936353270432,5.043053880785865,1.1057576526606017,1.4431664058798834,1019.4961196650077
737,1,13.544308872482484,3.962073129001686,0.788055324502948,3.860835910027145,1.528114313808212,1010.1390688752432
738,0,5.290905574465908,7.274446308053443,0.26086498479670217,7.575242807806686,0.6233066994795131,1021.7623129193126
739,1,8.811231157895028,2.2915392650533972,0.036892019577321564,10.936298089663328,1.1505281200017448,1015.0618350610573
740,0,7.736533261914482,5.575653418672258,0.10893588826441353,9.80648178814587,0.4092699796010554,999.1560668818723
741,0,14.335691341506491,5.450193457669002,0.23761657753561016,0.9635230228352527,0.25504559297007334,1006.7405989562492
742,0,8.764474299866807,6.011932993356233,1.6670966953893913,11.37676069745516,1.1816490134379452,1013.7095585769365
743,0,14.702201872524633,3.7939093395869055,0.5629090078041643,2.937931737805707,-0.5336000632576188,1011.1847450104891
744,1,7.855878471629839,3.986955777257971,0.4690832573112241,9.98085912957865,0.8827901577139019,1016.8353703880133
745,1,11.041451150167156,2.8267726582540726,2.2502601756804714,3.330164366690663,3.281173839852427,1011.6490417337118
746,1,12.270955191443587,5.08463145907957,0.47969365059338137,5.2286251979822564,-0.6499062838290881,1011.1198030317062
747,1,10.870149976120988,5.44305413131905,0.6354847669626843,1.1810037419082038,0.4477546272618518,1004.7798799532494
748,0,11.176853642135654,5.77330657769103,0.2113512087603425,2.1228107034005506,-1.0755970958975745,993.1584377208591
749,1,13.360740655599374,6.854194190003029,1.648597811350031,4.2699421165500775,0.37133017451027683,1021.8970426378114
750,0,13.994770023996619,6.449303927593112,0.06808735005300669,8.582208855562223,1.1533956241953554,1005.8429130344585
751,1,11.149427784833295,4.743420199196624,0.6552455859795147,2.027298026077304,0.9679935843106768,1020.2958755620728
752,1,6.925817871182806,7.10346344182606,0.3910555908236705,4.29800419563625,0.5802908166339957,1006.9786579332671
753,1,6.083519279277395,7.547123695698147,0.020857642902874823,9.42621126494248,1.7854391640798966,1008.1301402252657
754,0,5.952587527100571,2.6575860513962914,1.0031618614230755,3.247395525078125,-0.2249602419110739,1003.9131182069071
755,0,1.398067288745878,5.572723039951731,0.679196149128422,10.81214707006164,1.5765865645157904,1000.0558254958898
756,1,13.588811990011378,6.958119930983878,0.2077871465413934,11.200711233667358,0.015970673893207388,1016.6623317883825
757,0,4.330898677373503,2.937576867754539,1.8388003655125014,7.600028294283289,0.13414525263690014,1011.1649834409725
758,0,5.6496844334035465,4.311985572682546,1.3715664910147003,3.512705957991223,1.6894537128423126,1006.1298171083463
759,1,7.962690572061046,3.9365988518575334,1.1826638379218481,5.0642823784463324,-0.03675664092483233,1006.3826646238471
760,1,14.837525099666706,2.1716367776390815,0.03666919394159261,5.7297257085408155,0.34399667444376436,1013.6869988042779
761,1,13.793526502949643,4.8474426542505125,0.3466492022392525,2.5993464363712597,-1.182182177903632,1020.5917093228811
762,1,3.5685997428118936,3.1106822121349955,0.7557233611065595,10.49250164065641,-0.23949870399820683,1019.1946379589205
763,0,11.630865903790308,7.249469396604555,0.044102516570751565,6.772545387319139,0.5576019777197108,1006.1036674786278
764,1,11.17847443678355,6.446613834055639,1.538984363539193,4.711998469117244,1.4806426712277345,1009.9211308092528
765,0,1.680257670234317,7.3296562185419685,2.816708244615185,7.747323471364858,3.129590495987817,1028.3758874857106
766,0,19.90335583050107,5.515964800219129,0.1270875811263454,8.525572013284412,0.615126649244274,999.642371092834
767,1,8.527690000969642,3.985171850361216,0.10307640645158765,6.5528856246671285,1.1558016352569045,1019.0252427346663
768,1,13.71647001130718,4.192831337799088,1.812983771120061,9.605599400657555,0.405926410952708,1022.298299261184
769,0,18.366196283502845,6.7898027740737135,1.0601843784980671,3.153726371342392,-0.13081993784324553,991.5620816241686
770,1,9.82294097070828,4.428396466032865,0.5858154121907442,5.440117894831621,2.719542521957012,1020.9114437023911
771,1,5.7594997055587935,4.550537065131797,0.24077116885935154,9.27930027073998,0.7138174775690604,1016.7682509953959
772,1,7.9524512111925265,7.031523645977077,0.3384205899319911,6.1519867639783055,-0.3165377261540241,989.5841052320026
773,0,10.53807364297084,7.135932888803208,0.0839180511725491,11.107860187757641,1.1451545488132922,992.7383030130992
774,0,10.156901615146763,5.4383780691366015,0.48843141088037,8.673980299653497,2.546857774555253,1008.9817002478021
775,1,14.60982926022617,4.499435727525979,2.151210270300183,6.619219253438624,0.3536888066723566,1019.7923087045551
776,0,8.278830821185274,3.176529707920026,0.06799758090061694,5.9101920227585225,1.3591911261177188,1003.5954738673889
777,0,11.866169395707438,6.981916366188646,0.4408014610355535,1.2843024855659748,1.8295940051987687,994.2134570293763
778,0,13.990836352809644,3.3691244181194695,1.9598208477473247,6.277150159459982,1.3750775089143694,1013.6161139587077
779,0,17.747278095723537,7.419139766496692,0.033718955981679274,10.650441201904464,0.07839615336145822,996.726719647633
780,0,7.109674819755906,2.6098583787484335,0.7109197546236036,11.914429120432066,-0.6393686220341832,1016.6882562439044
781,1,13.875818285371402,2.01505948920064,1.8915021705018764,9.524539456414725,-0.5652967893593022,1040.6084745895587
782,0,7.582053529446711,4.870571672405887,1.6708247957174236,8.452166415554466,0.9723822448933064,1005.1148696060555
783,0,1.0344310891165929,7.818827277940634,0.6190979803264933,9.005426109033746,3.5092461450333285,1001.963085554256
784,1,9.234912534903762,6.302616599652398,0.5095879320620146,11.85792573743042,-0.10981425737180017,993.6890103998705
785,0,7.218849187741057,7.250547010521441,0.5054215087145225,0.30259921176362914,0.017035052160473962,998.1310605101911
786,0,9.649930533528693,3.6672790695379094,0.17553644194578755,0.651809735117499,1.4586801179292288,1000.2679062470115
787,1,6.062096072153246,6.7103474328262465,0.8983499349285827,3.321626674606539,1.6735405204347487,1009.617383644465
788,1,8.803855491985223,4.154276622135407,1.7189702211574183,4.953700107609578,1.8989659918908397,1028.8959786476958
789,0,13.839139865380666,7.9207375894148955,0.5230377500560998,8.059501702843274,-1.0367373844585224,994.211841150347
790,1,11.312788400787701,6.156017531219398,0.13533307083898044,5.112110350107278,1.2715463028335072,1011.7443630941522
791,0,12.063657882341326,7.31879073372485,0.131357180715148,7.036983486328282,0.49440092461852225,1016.2054179332488
792,0,6.864928713151459,4.422747601175837,2.784710113431655,3.439461323555581,-0.05649601364408996,1013.0938932907811
793,1,10.44036084329762,4.777756623790385,0.3631560135596846,6.157440074564361,0.8854670535578658,994.1089310755682
794,1,9.729512200415481,3.98374865454439,1.112131769119785,1.780780810385088,2.3028572137533736,1024.4281567459634
795,1,16.52076510722,2.0016115680606275,1.738689150298015,0.09558983253087083,0.7888725760676194,1024.6686545874888
796,0,8.464446778986161,3.9115827615119203,0.1587818594991975,0.5018499951316473,0.49689329767784096,1003.8308269039212
797,0,7.0613485747292515,7.604877162102717,0.047696299826564856,0.6158349024605592,0.607451201678597,1006.8042783468547
798,0,5.242785519855998,4.326633319499416,0.5544582370027774,9.39956800961992,2.1305258127263107,1023.7301215208579
799,0,11.084991198960132,7.133337408847057,0.5063607049472711,4.217885470570039,1.2714940797085583,988.4972364064583
800,0,11.129244682108855,2.487005843394635,0.2609696174474406,4.5222682022866625,0.8944608202653436,998.1716629199227
801,1,12.859557273437064,2.6684998125110946,0.2539045200058254,6.29480514408682,2.3898671498764377,1013.3878744204873
802,1,5.268075378569773,3.1879674671747464,0.047668613209638555,5.791720832542848,2.382166003372851,1019.8753561933362
803,0,16.981867638747662,6.217925957966594,1.2070955980957803,8.58927999019432,1.872596362346255,1006.1049713412426
804,0,14.365006468401788,3.6202862122538226,0.813997563471847,6.742376850041906,0.1719273608130545,1005.7928344089588
805,0,5.923849989664295,4.217495747286645,1.8388262313963881,8.270545310394114,-0.3595216221884705,1009.9952452142352
806,0,12.821040792338694,7.856541359337548,0.7258884548472829,1.7281421486173705,2.3789037942332776,1003.791380077723
807,0,8.86580517106065,6.17167912827456,3.0347096844873764,11.5438845151027,1.1396857043299582,1021.7774245922249
808,0,8.656470738093379,7.704099543622924,0.22142065088694285,6.968867146495265,2.067487092205897,1009.9377624211451
809,0,3.3601933227008907,3.5956005131818025,1.8819975364555055,4.489009419306763,0.9077145952618585,991.7751366378576
810,1,12.194360648202785,7.155702231756381,1.2018923219491708,0.40799590002965447,-0.29282950864591606,1012.7946884809522
811,1,6.217393316385348,3.680567824687944,2.0134269012372155,0.3217181649259273,1.1541561549875807,994.8892633314366
812,0,6.200902494239774,5.358285027511085,0.7788109923820018,11.942664633920959,0.8607626131145669,1007.1743770090811
813,1,10.101909494712315,4.838550380240611,0.1407856986801494,6.600042275919922,0.9191780821844134,1010.2703453226321
814,1,7.383707739973905,2.0868070852953373,0.5215077303503843,7.8857799810557765,0.7400771649468476,1010.1251101817605
815,0,26.539476704872087,2.837733151891218,2.5161225836353345,3.2234065992484178,1.3052365112171367,1005.2404490141222
816,1,10.138445370716282,2.5179819706279956,1.3213440983554192,2.9631068724023533,2.2058519830630803,997.4627672568674
817,0,9.806611938405748,3.3380288057881207,1.152063332668885,3.3886631340361735,1.6072210504731026,1003.755732593741
818,0,10.45039761032173,5.507790618524264,0.1593050335447567,1.4717961068285659,1.3689345038977654,1021.1955119190171
819,0,15.01368664726062,6.272616422537938,1.7807836457569206,11.831744553922627,1.3196219207649291,1006.0754576420813
820,1,-3.415335077973271,4.013281262392081,1.2108686320752402,1.277728297357485,-0.9422088060499045,1010.4454630426527
821,1,4.424077552530797,7.913998027278319,0.6796112596073399,9.0614207643252,0.9315396528893893,1029.9451004491316
822,0,10.936932133609117,6.3014905560255325,2.4214193364073493,1.838021170715329,1.8258736127492563,999.9527351322864
823,0,1.9244837493902764,7.375201245313214,1.6322157074812669,10.863509505041543,0.5436189182994662,999.7763897101493
824,0,9.449082261900122,6.287334728497221,0.41931827961200224,3.5663022605301187,0.8032175636481338,988.4057887720344
825,1,13.872115873811108,3.267283450068337,1.185356042443153,8.319553446703432,0.6405152448479896,1046.4415781460561
826,1,7.646283736571432,6.694435809567641,1.2695317585319805,4.271657690544383,2.0530173672809315,1032.067550092636
827,1,6.29835194364076,4.441614522444162,0.751824313680013,6.187256645026515,2.8991021777268853,1024.1895550875936
828,1,12.407502126401624,3.794047628003984,0.6049128163182659,10.483590197699998,0.359437287614382,1022.3012359118169
829,0,3.581894934597999,5.3937746238181825,1.068839267981012,4.45599725897482,1.103946098710162,1018.0227718038142
830,0,4.367216487787754,4.296964347223224,2.1500879501263688,9.334608651813973,1.1808053915568284,1012.6179458328161
831,0,11.67500768987638,5.954920888473101,2.242684351825922,3.4053160623426786,0.5623785189174755,995.8005211240152
832,0,8.610504618339174,4.573950888421059,1.2630513471002993,7.860316638451215,0.6414881640673309,1005.6621207102431
833,1,18.849882560349283,6.483271412475177,0.8890419805534191,9.103927493698217,1.842195371346199,1045.6064420015289
834,1,12.473102483484736,7.803717939555081,1.5898428767540644,9.623202892773705,3.3813510632499257,1049.2578786719234
835,1,7.347981472373881,6.083438819519371,1.6476942356255573,4.094793811890071,2.222652463187347,1039.054070459811
836,0,9.800151521227123,7.5059187039038076,0.2571381552066829,3.319097578862379,-0.15985356065052758,1000.1378850755523
837,1,8.213832495950651,7.939401522523742,2.296296443342285,11.37428589122479,-1.1416106390032166,1027.8714227595758
838,1,14.58490867376922,6.25577290854004,0.2255608693627224,7.512253433155007,0.9015656999923545,1022.1856854328411
839,0,3.2208916566544277,6.857371228563714,0.3150288949799842,3.189855137375735,-0.5722987888753703,1009.730637434615
840,0,6.103681966608788,5.624316949071859,2.1976716130408547,7.918516687811647,0.8239227457969059,1018.3842450314013
841,0,13.897093085328049,4.69145517862424,0.16954013365119483,1.3920487466596967,1.825241483124108,1001.6843686479012
842,0,14.366082671782163,2.7215505666227915,2.751850679335507,11.885927547029926,2.3028602967109437,1041.0040442867635
843,0,2.8469954499380643,4.454569045175988,2.131703833884302,6.377807588655763,0.3248297191117371,1002.6852402006756
844,0,9.841909987544206,7.866106092066519,0.008526654113626091,6.322038918738106,0.7802993015654061,992.5661209750303
845,0,18.504239106079982,6.707150999188744,0.3915305177971818,3.4973050711618563,-0.4537748479746324,1004.3308817790302
846,1,12.357992579724176,7.51956501704268,0.09226439729771795,2.7006961024133282,1.6408136249979852,1043.741054406136
847,0,10.760956148088422,3.848035022815462,0.818080716763728,0.05872876895913848,0.4096703697315791,1015.3431634332509
848,1,6.465800277700258,6.984067557484519,1.197187869566159,7.389092948812831,0.18812690564684753,1006.4708601245177
849,1,14.44467226805245,3.714269266450523,1.518198178333197,9.016306660368853,0.9942897165599333,1027.2364910398042
850,0,7.359176316781689,7.557386182029669,0.07615954618441835,9.69498457490708,0.25436737271684595,1005.7572354363572
851,0,20.675189003495433,3.5836968568052816,0.4691730481835348,5.326129675656105,2.067020946530005,984.4247029593159
852,0,11.39584935764851,2.2317521707793953,0.6021301110190583,1.2369206691743257,2.7539055526306186,1014.2890938078666
853,0,11.68232505803268,5.831781182426628,0.8649281571386042,3.407313322441475,2.0607081739411686,1001.8935234942642
854,1,8.164258510476326,4.628881912111952,1.4927434852569024,7.094478874698487,0.4892735699907693,1022.8262781231325
855,0,9.690527139852064,6.888799683900121,0.36731118494319454,0.5869031182739417,1.5062987223820188,1017.323667884351
856,1,9.573875511702035,2.7505374743371496,1.844502855071555,3.169339321022179,0.04766297838667555,1015.5403594427772
857,0,10.65781482732664,4.852754589025395,1.606141830909138,3.1142391838811005,0.46684341656531736,1002.6595230950046
858,0,4.761180175400147,6.894366673834311,2.1898326065557883,2.7618536790952177,1.7266393726607356,1011.105146632258
859,0,11.625213457016509,6.227312030146521,0.515366280485347,6.490288273546549,0.9203653441444072,1002.9987888529714
860,1,13.888514100251452,3.678390171896414,0.15716489792171462,4.0244722687353125,-0.4204532238704093,1024.935995949431
861,1,12.154259162172718,5.665839734802977,0.2345607224268949,1.150693872127972,2.0542275164992256,1030.773063814925
862,0,13.81988377971978,2.8879580007323997,0.22809144304546533,5.599784932122651,0.8652806591327606,1008.9959997241502
863,1,15.994728271823476,3.5169065702502667,0.4537806911572429,10.191148792759508,2.5706532170552663,1018.0537841638155
864,0,12.883570327672338,5.814146515902845,0.5897127675828925,3.718477243222198,1.1068280493515745,1010.8442106440154
865,0,4.968077533106462,5.975245221295925,0.9192306534901944,9.545428155169438,1.5156448648198875,1012.5211864229864
866,1,10.479897047624299,6.850659878095153,1.2923608166045213,0.6238280902721649,0.48020835085685554,1016.1499672666359
867,0,13.49227794102983,4.112725842586077,1.6863090969014427,10.793957782985133,0.18599239942983503,1011.6215854206577
868,1,13.908576367270136,4.33930845992542,0.7124656443112545,11.696799606903879,0.09728746599111782,1012.8278924083892
869,1,4.476575163435726,3.160862593143216,0.30452813837838977,9.543514336512356,3.470470679065501,1016.2524169884097
870,1,14.331410614522099,7.478294988014311,0.27869857788995817,11.818410150178895,0.9415073045531686,1019.0915610822303
871,0,17.954035729885806,5.240110967087293,0.6527764502828691,9.375304684772523,1.3063839189997632,984.2522874615289
872,1,12.97503449139684,4.250103015873523,0.02143315083097498,2.3811949607459195,0.6329594843189195,1027.537698567509
873,0,8.627678794530317,2.6832147574083054,0.0887859068508449,1.9503862804225736,1.3590578595837244,1017.0152884659341
874,1,7.5686350189155975,7.305244747097847,0.8952554829909662,9.233228712272368,0.3090693523714969,1020.4759367086482
875,0,6.981911411215336,4.551207304260775,1.5597806177071725,6.420736684710486,2.0898064183462344,1030.8194650700443
876,0,11.607066794364822,4.4971537933761585,1.9122386796997508,4.562212276327216,-0.18646010658126277,1011.9345420718482
877,0,8.242414781364387,3.557000937509435,0.3545490352549934,6.401474302098143,1.149637855040268,1000.3431004076068
878,0,15.561835353138814,5.358941498809862,0.016229100216712002,5.941859228121544,0.9305666014789827,995.1597896199744
879,1,9.265909069381326,6.310944781496067,1.012778128880391,2.325134728884947,1.8000045789382386,1018.8356712685851
880,1,2.4662088458434663,4.518889278009145,1.8007059953413,4.708602821625797,1.1234936935048219,1002.9783349341054
881,0,13.303740561579822,4.797356897140527,0.025472582996598433,4.272294554660631,0.13510212963489898,1011.2665781017246
882,0,8.68539758504761,2.9856494070138715,0.14496649736268247,1.8206768224319378,0.8872668731185476,999.4819361609756
883,0,13.049483734588176,4.672992210542773,0.8051320377432357,4.7455729238303785,1.643868875495874,997.3769459216309
884,0,4.966172256754204,5.669998106772457,3.5344768884881703,0.8639658742794447,1.0167206234868373,1000.1806855343933
885,0,11.704999315592257,6.01706979840163,1.1505990666147667,9.896699920011091,1.1690641456331066,996.1315412897178
886,1,18.179241883437662,2.7108721402282905,0.3438139148271057,3.881473135953756,0.23581455607007407,1026.7385048019064
887,1,17.43180341939376,6.8890929399957415,0.8391060637843185,7.977258577668939,1.7853117366065785,1027.8075225780576
888,1,8.65632535987113,3.2605710376164896,0.9415939522675099,7.404446920183594,2.13255899645784,1033.4156946022947
889,0,8.072412057693679,3.371493817162898,0.4580138570462122,4.358780976893374,2.726147229500995,996.5826652597477
890,0,2.1898269596750044,6.731629331872183,0.0021733010474515556,3.568366152431873,-0.2514993065193929,1005.6597479053038
891,1,6.981963564058743,5.7308867767047325,0.2527693668086263,2.6511040032071715,2.394971598065635,1009.9804509211701
892,0,10.356690647608577,3.1687383739759647,1.8878778142580845,9.05836022642457,1.1551051161707475,1021.1508659073113
893,0,15.090035314019207,2.1892486752538405,0.34571519052600325,3.5136652979771887,0.0903391538462166,1012.237173213542
894,0,15.282384069764667,4.138465373269459,0.27036969377212977,6.319166846077709,0.008572804839704795,990.3188392634945
895,0,2.913969114537533,7.9313449403474925,0.6012560525520133,7.5511600941053025,0.395061483372839,1022.5619632781707
896,1,14.069646191909495,6.800394161993943,0.7954021084423751,8.49801811317517,0.2617763536868484,1019.0156989524615
897,0,12.003011704574938,5.791212661993551,0.8217168651823926,4.06973176353618,0.5777956354914073,1008.8862401070015
898,0,6.297562299035798,4.771177078862217,1.6484800817033387,11.279089289047112,1.0851892750056955,1014.1763458392503
899,1,14.803279859275593,5.8985337314980555,1.4085959222841353,11.897080423950639,2.062870266579432,1048.4544663207062
900,0,6.691141036052181,2.459928084632205,0.2718909143674068,3.4459111619192377,1.7764259581167003,990.7262539786641
901,1,10.664951860667992,7.233725655086014,0.24226246243655697,11.912953411560029,2.697946259435282,1045.0457306423689
902,1,15.799670896083988,3.804354091336741,3.3664465058503987,10.171781512845664,1.4447146605159547,1068.1431096506103
903,0,11.203113119023032,5.3292067493012905,0.08946931275591552,5.8957900250423325,0.7884444156535801,993.5804045903602
904,0,8.71940020734327,3.9826401323088323,1.0892363249716646,2.046004686793865,0.9872778848660838,1019.1928177735568
905,0,12.559619343242211,7.514500899253329,0.5529201997464661,2.4545774617463847,2.3881651267152018,1026.6314288326207
906,1,9.205362207269417,4.699232028000014,2.2246806285853147,1.9161737662037934,0.8597429166904821,1032.8049554786185
907,0,6.084397388460545,7.9042480877216015,0.8746308359445499,6.603135783024596,0.049046839181850155,1012.0130619772771
908,0,8.612537427166759,7.450326972786639,0.8223329843708972,3.8109869807103003,1.486068841207493,986.8738644549899
909,0,15.517253187731509,3.6970630644134497,0.2133015358405881,0.3210141424494162,0.8566698280801553,991.8034503206864
910,0,10.116978684037209,4.108051042968261,2.844067319888901,2.5615737815998947,1.1228135359833615,1018.7635015806358
911,0,13.152855958091225,3.101311699613785,2.571133760807021,7.987830246738219,0.9060642449999006,1021.8936594402247
912,0,9.779578590249917,2.7571748621527883,0.529253109342947,9.607640157113744,2.9568921780591477,1021.0328511792624
913,0,14.199424883128529,3.678201129960393,1.3512896105192813,7.4465933944463725,-1.1119359626053655,1023.927507135942
914,1,14.545920919604129,4.179829234677131,0.8449174844659498,2.036324502835353,2.161669835879322,1009.4199977903737
915,1,10.62086115971765,2.400432503972798,0.0011997862960605556,10.676908301107984,0.8148972628601703,1006.1939840584986
916,1,10.343387759360128,5.689324493427236,0.7404029409028516,7.153430708067177,1.6956432938546286,1040.1347594542647
917,0,14.99629985255866,7.457082843510186,0.34101945067531864,9.121053512570365,0.9953912883636907,969.5552520785359
918,1,6.006157808317719,4.932586615723857,0.9548447956226347,10.210226186630837,1.147090028730439,1027.1320263805294
919,1,12.001942539289088,4.261818551783673,0.44084531316512926,1.441404898443568,1.3282058936142689,1011.363057248798
920,1,20.234253434026737,4.3249038501904105,0.9264946634063358,8.573167405593813,0.6199127134453973,1020.1504339170303
921,0,9.193544278008032,6.856972874021583,0.3574650235057289,6.149598801453471,0.5647903514192099,1008.6082058806292
922,1,9.77776820646534,2.9420144439663307,1.261232527638426,0.36679243648604976,1.4987927485494568,1020.0206722419437
923,1,6.222347599950533,7.785618325666454,1.3388287829679664,2.3895939967384034,2.2925507421525335,1005.8062062866295
924,1,6.855845567935089,4.733792944494006,3.7619929994589887,9.524234258605308,0.4241143592859645,1037.29813789192
925,1,11.916292303125417,7.143998714862586,0.8682078294542215,8.393664266735216,1.0700800471082945,1020.3307909978262
926,1,8.167202896407295,6.837295028432068,0.1521470254315912,2.219923385692409,-0.17621738868358872,1013.8170173384152
927,1,13.169768927191702,5.917125928424447,0.10103400026822477,9.40478235178386,-0.22623592842209295,1011.6144257387808
928,0,12.758233324958212,6.384393108304306,0.09043818526074321,3.534455992125003,0.6508599126562556,1006.8633521897449
929,1,8.069438288922266,6.867363529070733,0.16200655625432883,8.063651729797241,2.1836265517997253,1024.5655894375093
930,0,16.74412053970223,5.0876609944694975,0.812304097151988,6.055937772680743,1.3133686285511084,1009.1519320068453
931,1,1.6645053543601058,7.0313331820396066,0.4719310067018889,10.104275059207819,1.9364751931659194,1036.0575443266282
932,0,7.603543428747521,7.38191747818815,0.3892981823655701,6.811348372305342,1.1382030024169139,999.2298436729637
933,0,8.181814251479645,2.805984568888773,4.06753960921354,4.902343454901111,2.5354711202651945,1022.2535926330576
934,0,12.935193221560485,7.811598451995878,0.5136957486972124,0.9207547977911026,0.7884153913817572,983.6486370942898
935,0,16.94452929139092,5.770158070745084,0.26021276251076875,5.799786472833988,0.8442034053599572,1003.8899160353404
936,0,15.643234311729385,2.600778884366191,2.485599573684469,8.509250825478848,0.7379540747591736,1020.6954519337788
937,1,9.837730397355859,6.565340825069528,5.338009642473353,8.706630606643714,-1.282292458589807,1053.2030255977013
938,0,10.675541575028209,6.208618546368726,0.26076211956094353,10.46576045702152,-0.204236599826497,1002.6648908117833
939,1,10.198889004425755,5.081882771137942,0.1857792921846349,11.722199472031,0.709349935624182,1010.5440058376964
940,1,11.365411528859696,7.1970351401424395,0.261233151261866,0.4151109642024702,0.02995203745167918,1016.0501515213527
941,0,18.230105278802753,7.095649544086816,0.548355896391801,11.037092585206372,2.7112478653460483,990.302245439448
942,1,15.284337775891096,5.583552296993329,0.7567571376504736,7.112091461605594,2.018060009062449,1038.8265718308032
943,0,8.575205328406422,4.570715524139038,0.13866692327980934,1.5901067297521942,0.654989651660226,1011.3767289528924
944,1,0.27753956685835846,2.4938496889350903,0.7601413700894741,10.285557029710152,0.33731574533562936,1005.5292661968482
945,1,7.483239006191092,5.989778616025542,1.1423406184174483,11.869421926759008,1.1463922928789327,1042.209790913956
946,1,9.581778484162486,5.945963852897442,0.3167113854612306,8.291422400357266,3.111358937458407,1032.6787307893228
947,0,7.656172521075987,6.8085970241811955,0.4344237572082538,4.428352233593669,1.6761259320848791,1013.6259270853632
948,1,11.6015915100929,5.544420335131153,1.0205469293099543,5.918907219336501,2.8839478094999915,1036.2187239040259
949,0,10.415734796630831,2.303268031671592,0.5246343647701026,11.420241939897302,-0.1257825167454778,1018.2939410467415
950,0,16.21034683859714,5.607548867501652,2.905875047777855,5.371517989487475,-0.4844616181912078,1015.6587597222247
951,0,10.105186733872321,2.489792038425761,0.8140094379278178,8.83640364592759,-0.28792107399599876,1007.6070811373188
952,0,8.445646147367277,6.645778344892621,1.030150231499189,3.463975093781785,3.9625872919128495,991.5455709637023
953,1,7.375182344639327,4.024197659157764,0.5140029074932372,0.4622549308335695,0.9576155731585972,1013.7059133183354
954,1,13.222044774261152,7.4604474958678715,0.959236688525475,0.05362181580115433,0.9173495092582423,1012.471427536512
955,1,9.518677782136779,7.734696520856213,0.6686693010502393,9.095305256149908,-0.5192281404397698,1013.9197651464854
956,1,11.804987254569333,7.7075959535505945,0.31580864477391046,8.816181662194433,0.0953740621104987,1013.7964393339789
957,1,10.805004386058554,4.451497289915805,3.4451292748245232,11.812875780387323,0.07044467892019446,1063.906078075322
958,0,12.441019473660688,7.079560582899412,0.7914317478829815,7.42372121610981,1.3251021913300807,1008.7276516720461
959,1,17.154554346094137,6.092259043871756,1.532070768181301,2.959056278964212,-1.1317750484168552,1009.1750797095933
960,1,0.8471829923175083,4.135208509876361,0.17455501556566755,6.921275495123629,1.219452578412696,997.5445408793528
961,1,4.363963054004428,7.206805442495727,0.04534528284435351,4.371946355776847,1.878949382951465,1013.6214344969733
962,1,11.106261274099628,5.074991584064562,2.781783074796471,2.50383424427946,0.5806386526593597,1016.2310599405686
963,0,9.286879108516093,3.7221145359789927,1.7023677739175953,11.16957288543142,2.3704828317844058,1020.2275498225274
964,1,14.839601689317632,7.367115654646649,0.8496831879943383,9.08768087244942,2.9662501164088115,1044.913431237338
965,0,14.434562963086755,3.305046654193875,0.7496221334076433,7.892784233273561,1.928560576717005,1011.1221158324341
966,0,3.485747543987306,5.978429201721453,1.4093463617770954,5.220116066053388,3.7775061227538345,1028.701950564596
967,0,12.030909437861208,6.205055654602367,1.3529818246878589,6.682432525142203,1.0384376861754907,1012.3769543307053
968,0,8.056796288148833,5.961724742584687,0.6780675566909435,10.020045968393344,0.37973380076042873,1007.1606030708502
969,0,12.985329080206073,5.016020447913483,0.4801408562937918,6.661828588426533,1.2854154837708427,1014.8650945720406
970,1,16.138199288210636,4.910534410594246,0.22864813477421025,0.8340919329310705,1.2651860145659017,1029.2383922723254
971,0,20.113275306972845,7.627388482357674,4.586557662863733,3.526744977534871,1.394603183958664,1024.5055498535266
972,1,12.461850165647515,7.900788160212526,0.10554833311948848,10.350977117977191,0.7454076660940818,1025.4069208813728
973,1,6.981808605741417,3.040164742488274,0.5318175730414667,6.926704467613531,1.3507049040562624,1021.2470648777359
974,0,12.833547721722265,6.410432988842842,0.3350476145442283,1.141954302551233,-1.0157627815957406,995.3109564823164
975,0,6.669780195917916,5.337631217918112,1.5870361564259658,3.1760214301660663,1.1715390497884184,1006.6237004612599
976,1,11.088007045981827,7.681924562642105,0.22706149042125107,10.200338719195155,0.6352689283059502,1023.7119271612568
977,0,16.90220282943514,4.428178513816741,1.0612537563016355,7.257536580564414,-1.830750423421108,1001.8048022650854
978,0,8.163333325039996,2.5109713334725443,0.5231321173383571,6.537871381783256,1.6006037659608787,1006.80729058502
979,1,3.5984648997360535,3.16598351893263,2.191164979150796,8.590193868573012,0.534177985393905,1023.7882707874431
980,0,14.909408356901643,2.206637448366706,0.4194774226530579,10.032564607628787,1.5094242914672702,1014.1517393596507
981,0,10.43615908638561,4.763358182674978,0.007493456764499282,7.493382472612039,-0.3988722553315307,1005.8550694710805
982,0,10.974674513661613,4.517133698425073,0.6419477794676189,7.538038799922913,-0.387712353576257,997.473786071397
983,1,18.023059476355144,7.5069188395555,0.9604002890084944,0.874936585585047,3.1419147559031417,1039.964241286249
984,1,0.11430457491981194,4.413920809927035,1.3583871046670735,7.517563103869261,2.7144438299208233,1026.8365072007862
985,1,12.337864473782968,7.928093377653253,0.2517246436425308,5.789701591559131,1.8790736058988742,1036.3232152044773
986,1,7.111033560682134,2.1679717663564144,0.6497697924053019,11.16112274912065,1.5064125152737935,1020.6272154301266
987,0,13.032440438662034,2.1840919569165935,0.8141154652146487,6.128892997862178,2.2320070134059957,1012.5666601369866
988,1,12.797880851417986,7.818033692361415,1.5717296995912633,3.6997375678726963,-0.3484646966213194,1016.6759562691994
989,1,15.938246137154088,3.0871630458294046,1.541068607954106,5.445425995376293,1.3587213088694292,1038.339626251015
990,0,14.356511244903931,5.343896911323157,1.0013130233616152,11.5453704909939,1.6603116035643861,1003.4258953342692
991,1,11.358414522653048,6.031300363487741,1.8747872380595219,9.310853617312608,2.415019223044462,1032.9210458860173
992,1,14.73440549334531,7.731926753127876,0.5577380971960402,4.694961992958503,1.5183073064569381,1022.3908627926817
993,0,9.633165115185973,4.426933197359641,1.1865210242324045,0.48009962190900923,-0.5353758573648641,1004.4852312250218
994,1,10.064741435936064,4.744919165234949,0.6312375393116395,9.755452641675081,0.5762943557113107,1003.3358247243539
995,1,20.29679822861135,2.631703607182602,0.851564401143586,1.036026386342642,2.1577681387416883,1015.8056606466787
996,1,7.972763119675721,7.9321508721801,1.7132963592077899,8.792783358894004,3.127056428803587,1031.7837293604182
997,0,6.255183641663065,5.43995040852087,2.436553754942279,1.707192675779992,0.010130697851428505,1012.8081058576336
998,0,4.581028264756741,3.598867794645064,0.3615018332016313,0.8159623885262093,0.4277210160566697,995.8157495982202
999,1,4.3450832387897025,6.726522202393991,0.23280875706764417,9.189633285514589,1.8002162738498593,1024.8071388175324
